-- phpMyAdmin SQL Dump
-- version 5.2.1
-- https://www.phpmyadmin.net/
--
-- Host: 127.0.0.1
-- Generation Time: Apr 04, 2024 at 01:39 PM
-- Server version: 10.4.32-MariaDB
-- PHP Version: 8.1.25

SET SQL_MODE = "NO_AUTO_VALUE_ON_ZERO";
START TRANSACTION;
SET time_zone = "+00:00";


/*!40101 SET @OLD_CHARACTER_SET_CLIENT=@@CHARACTER_SET_CLIENT */;
/*!40101 SET @OLD_CHARACTER_SET_RESULTS=@@CHARACTER_SET_RESULTS */;
/*!40101 SET @OLD_COLLATION_CONNECTION=@@COLLATION_CONNECTION */;
/*!40101 SET NAMES utf8mb4 */;

--
-- Database: `ecfoodstub_db`
--

-- --------------------------------------------------------

--
-- Table structure for table `admin`
--

CREATE TABLE `admin` (
  `id` int(11) NOT NULL,
  `email` varchar(255) DEFAULT NULL,
  `password` varchar(255) DEFAULT NULL,
  `pin` varchar(255) DEFAULT NULL,
  `created_at` timestamp NULL DEFAULT NULL,
  `updated_at` timestamp NULL DEFAULT NULL
) ENGINE=InnoDB DEFAULT CHARSET=utf8mb4 COLLATE=utf8mb4_general_ci;

--
-- Dumping data for table `admin`
--

INSERT INTO `admin` (`id`, `email`, `password`, `pin`, `created_at`, `updated_at`) VALUES
(1, 'test', 'test', '1234', NULL, NULL);

-- --------------------------------------------------------

--
-- Table structure for table `claims`
--

CREATE TABLE `claims` (
  `id` int(11) NOT NULL,
  `owner_id` int(11) DEFAULT NULL,
  `coupon_id` int(11) DEFAULT NULL,
  `claim_date` timestamp NOT NULL DEFAULT current_timestamp(),
  `remarks` varchar(255) DEFAULT NULL
) ENGINE=InnoDB DEFAULT CHARSET=utf8mb4 COLLATE=utf8mb4_general_ci;

--
-- Dumping data for table `claims`
--

INSERT INTO `claims` (`id`, `owner_id`, `coupon_id`, `claim_date`, `remarks`) VALUES
(1, 9, 9, '2024-04-04 06:22:37', 'claimed'),
(2, 1, 1, '2024-04-04 08:50:51', 'claimed'),
(3, 159, 159, '2024-04-04 08:55:32', 'claimed'),
(4, 171, 171, '2024-04-04 08:56:14', 'claimed'),
(5, 175, 175, '2024-04-04 08:56:41', 'claimed'),
(6, 168, 168, '2024-04-04 08:56:58', 'claimed'),
(7, 163, 163, '2024-04-04 08:57:19', 'claimed'),
(8, 160, 160, '2024-04-04 08:57:35', 'claimed'),
(9, 166, 166, '2024-04-04 08:57:47', 'claimed'),
(10, 34, 34, '2024-04-04 09:01:14', 'claimed'),
(11, 21, 21, '2024-04-04 09:05:48', 'claimed'),
(12, 13, 13, '2024-04-04 09:06:50', 'claimed'),
(13, 186, 186, '2024-04-04 09:07:12', 'claimed'),
(14, 188, 188, '2024-04-04 09:07:27', 'claimed'),
(15, 184, 184, '2024-04-04 09:07:51', 'claimed'),
(16, 194, 194, '2024-04-04 09:08:23', 'claimed'),
(17, 197, 197, '2024-04-04 09:08:34', 'claimed'),
(18, 191, 191, '2024-04-04 09:08:44', 'claimed'),
(19, 200, 200, '2024-04-04 09:08:57', 'claimed'),
(20, 203, 203, '2024-04-04 09:09:10', 'claimed'),
(21, 206, 206, '2024-04-04 09:09:20', 'claimed'),
(22, 207, 207, '2024-04-04 09:09:33', 'claimed'),
(23, 178, 178, '2024-04-04 09:09:45', 'claimed'),
(24, 229, 229, '2024-04-04 09:10:27', 'claimed'),
(25, 215, 215, '2024-04-04 09:10:40', 'claimed'),
(26, 217, 217, '2024-04-04 09:10:54', 'claimed'),
(27, 226, 226, '2024-04-04 09:11:22', 'claimed'),
(28, 211, 211, '2024-04-04 09:13:35', 'claimed'),
(29, 181, 181, '2024-04-04 09:13:58', 'claimed'),
(30, 235, 235, '2024-04-04 09:14:20', 'claimed'),
(31, 233, 233, '2024-04-04 09:14:31', 'claimed'),
(32, 239, 239, '2024-04-04 09:14:40', 'claimed'),
(33, 75, 75, '2024-04-04 09:15:06', 'claimed'),
(34, 242, 242, '2024-04-04 09:16:27', 'claimed'),
(35, 104, 104, '2024-04-04 09:16:50', 'claimed'),
(36, 107, 107, '2024-04-04 09:16:59', 'claimed'),
(37, 101, 101, '2024-04-04 09:17:10', 'claimed'),
(38, 95, 95, '2024-04-04 09:17:22', 'claimed'),
(39, 97, 97, '2024-04-04 09:17:32', 'claimed'),
(40, 98, 98, '2024-04-04 09:17:43', 'claimed'),
(41, 112, 112, '2024-04-04 09:17:56', 'claimed'),
(42, 276, 276, '2024-04-04 09:18:09', 'claimed'),
(43, 244, 244, '2024-04-04 09:18:17', 'claimed'),
(44, 256, 256, '2024-04-04 09:19:17', 'claimed'),
(45, 260, 260, '2024-04-04 09:20:32', 'claimed'),
(46, 40, 40, '2024-04-04 09:20:50', 'claimed'),
(47, 265, 265, '2024-04-04 09:21:03', 'claimed'),
(48, 267, 267, '2024-04-04 09:21:14', 'claimed'),
(49, 56, 56, '2024-04-04 09:21:28', 'claimed'),
(50, 269, 269, '2024-04-04 09:27:30', 'claimed'),
(51, 17, 17, '2024-04-04 09:27:41', 'claimed'),
(52, 31, 31, '2024-04-04 09:27:51', 'claimed'),
(53, 24, 24, '2024-04-04 09:28:01', 'claimed'),
(54, 45, 45, '2024-04-04 09:28:19', 'claimed'),
(55, 61, 61, '2024-04-04 09:28:28', 'claimed'),
(56, 49, 49, '2024-04-04 09:28:37', 'claimed'),
(57, 36, 36, '2024-04-04 09:28:50', 'claimed'),
(58, 52, 52, '2024-04-04 09:29:01', 'claimed'),
(59, 70, 70, '2024-04-04 09:29:12', 'claimed'),
(60, 68, 68, '2024-04-04 09:29:24', 'claimed'),
(61, 63, 63, '2024-04-04 09:29:32', 'claimed'),
(62, 88, 88, '2024-04-04 09:29:42', 'claimed'),
(63, 80, 80, '2024-04-04 09:29:52', 'claimed'),
(64, 83, 83, '2024-04-04 09:30:01', 'claimed'),
(65, 91, 91, '2024-04-04 09:30:12', 'claimed'),
(66, 361, 361, '2024-04-04 09:32:08', 'claimed'),
(67, 148, 148, '2024-04-04 09:37:16', 'claimed'),
(68, 141, 141, '2024-04-04 09:38:52', 'claimed'),
(69, 161, 161, '2024-04-04 09:39:12', 'claimed'),
(70, 157, 157, '2024-04-04 09:39:23', 'claimed'),
(71, 120, 120, '2024-04-04 09:39:32', 'claimed'),
(72, 99, 99, '2024-04-04 09:39:44', 'claimed'),
(73, 106, 106, '2024-04-04 09:39:53', 'claimed'),
(74, 102, 102, '2024-04-04 09:40:04', 'claimed'),
(75, 109, 109, '2024-04-04 09:40:12', 'claimed'),
(76, 59, 59, '2024-04-04 09:40:22', 'claimed'),
(77, 48, 48, '2024-04-04 09:40:38', 'claimed'),
(78, 54, 54, '2024-04-04 09:40:49', 'claimed'),
(79, 124, 124, '2024-04-04 09:41:18', 'claimed'),
(80, 115, 115, '2024-04-04 09:41:30', 'claimed'),
(81, 111, 111, '2024-04-04 09:41:36', 'claimed'),
(82, 127, 127, '2024-04-04 09:41:46', 'claimed'),
(83, 64, 64, '2024-04-04 09:41:52', 'claimed'),
(84, 73, 73, '2024-04-04 09:42:06', 'claimed'),
(85, 84, 84, '2024-04-04 09:42:17', 'claimed'),
(86, 77, 77, '2024-04-04 09:42:27', 'claimed'),
(87, 89, 89, '2024-04-04 09:42:39', 'claimed'),
(88, 94, 94, '2024-04-04 09:42:51', 'claimed'),
(89, 37, 37, '2024-04-04 09:45:04', 'claimed'),
(90, 33, 33, '2024-04-04 09:45:16', 'claimed'),
(91, 27, 27, '2024-04-04 09:45:27', 'claimed'),
(92, 23, 23, '2024-04-04 09:45:37', 'claimed'),
(93, 19, 19, '2024-04-04 09:45:47', 'claimed'),
(94, 218, 218, '2024-04-04 09:46:22', 'claimed'),
(95, 214, 214, '2024-04-04 09:46:33', 'claimed'),
(96, 209, 209, '2024-04-04 09:46:45', 'claimed'),
(97, 225, 225, '2024-04-04 09:46:56', 'claimed'),
(98, 221, 221, '2024-04-04 09:47:06', 'claimed'),
(99, 205, 205, '2024-04-04 09:47:26', 'claimed'),
(100, 140, 140, '2024-04-04 09:50:11', 'claimed'),
(101, 137, 137, '2024-04-04 09:50:24', 'claimed'),
(102, 144, 144, '2024-04-04 09:50:32', 'claimed'),
(103, 117, 117, '2024-04-04 09:50:42', 'claimed'),
(104, 114, 114, '2024-04-04 09:50:52', 'claimed'),
(105, 123, 123, '2024-04-04 09:51:02', 'claimed'),
(106, 119, 119, '2024-04-04 09:51:16', 'claimed'),
(107, 125, 125, '2024-04-04 09:51:27', 'claimed'),
(108, 360, 360, '2024-04-04 09:51:37', 'claimed'),
(109, 129, 129, '2024-04-04 09:51:46', 'claimed'),
(110, 362, 362, '2024-04-04 09:52:12', 'claimed'),
(111, 152, 152, '2024-04-04 09:52:22', 'claimed'),
(112, 155, 155, '2024-04-04 09:52:39', 'claimed'),
(113, 158, 158, '2024-04-04 09:52:50', 'claimed'),
(114, 162, 162, '2024-04-04 09:53:00', 'claimed'),
(115, 164, 164, '2024-04-04 09:53:09', 'claimed'),
(116, 167, 167, '2024-04-04 09:53:18', 'claimed'),
(117, 170, 170, '2024-04-04 09:53:28', 'claimed'),
(118, 172, 172, '2024-04-04 09:53:36', 'claimed'),
(119, 177, 177, '2024-04-04 09:53:46', 'claimed'),
(120, 174, 174, '2024-04-04 09:53:57', 'claimed'),
(121, 193, 193, '2024-04-04 09:54:13', 'claimed'),
(122, 202, 202, '2024-04-04 09:54:22', 'claimed'),
(123, 199, 199, '2024-04-04 09:54:37', 'claimed'),
(124, 196, 196, '2024-04-04 09:55:06', 'claimed'),
(125, 228, 228, '2024-04-04 09:56:36', 'claimed'),
(126, 187, 187, '2024-04-04 09:56:49', 'claimed'),
(127, 190, 190, '2024-04-04 09:56:58', 'claimed'),
(128, 133, 133, '2024-04-04 10:01:40', 'claimed'),
(129, 182, 182, '2024-04-04 10:04:54', 'claimed'),
(130, 185, 185, '2024-04-04 10:05:05', 'claimed'),
(131, 146, 146, '2024-04-04 10:05:14', 'claimed'),
(132, 179, 179, '2024-04-04 10:05:24', 'claimed'),
(133, 240, 240, '2024-04-04 10:05:35', 'claimed'),
(134, 149, 149, '2024-04-04 10:05:45', 'claimed'),
(135, 245, 245, '2024-04-04 10:05:53', 'claimed'),
(136, 237, 237, '2024-04-04 10:06:02', 'claimed'),
(137, 232, 232, '2024-04-04 10:06:10', 'claimed'),
(138, 302, 302, '2024-04-04 10:06:31', 'claimed'),
(139, 254, 254, '2024-04-04 10:06:38', 'claimed'),
(140, 301, 301, '2024-04-04 10:06:46', 'claimed'),
(141, 132, 132, '2024-04-04 10:08:12', 'claimed'),
(142, 139, 139, '2024-04-04 10:08:24', 'claimed'),
(143, 136, 136, '2024-04-04 10:08:35', 'claimed'),
(144, 153, 153, '2024-04-04 10:08:55', 'claimed'),
(145, 151, 151, '2024-04-04 10:09:03', 'claimed'),
(146, 204, 204, '2024-04-04 10:21:26', 'claimed'),
(147, 201, 201, '2024-04-04 10:21:57', 'claimed'),
(148, 198, 198, '2024-04-04 10:22:05', 'claimed'),
(149, 208, 208, '2024-04-04 10:22:12', 'claimed'),
(150, 212, 212, '2024-04-04 10:22:20', 'claimed'),
(151, 222, 222, '2024-04-04 10:22:28', 'claimed'),
(152, 223, 223, '2024-04-04 10:22:35', 'claimed'),
(153, 230, 230, '2024-04-04 10:22:44', 'claimed'),
(154, 236, 236, '2024-04-04 10:22:51', 'claimed'),
(155, 195, 195, '2024-04-04 10:23:06', 'claimed'),
(156, 192, 192, '2024-04-04 10:23:13', 'claimed'),
(157, 189, 189, '2024-04-04 10:23:21', 'claimed'),
(158, 363, 363, '2024-04-04 10:38:10', 'claimed'),
(159, 183, 183, '2024-04-04 11:06:54', 'claimed'),
(160, 180, 180, '2024-04-04 11:07:14', 'claimed'),
(161, 275, 275, '2024-04-04 11:07:43', 'claimed'),
(162, 272, 272, '2024-04-04 11:07:53', 'claimed'),
(163, 176, 176, '2024-04-04 11:08:02', 'claimed'),
(164, 173, 173, '2024-04-04 11:08:10', 'claimed'),
(165, 169, 169, '2024-04-04 11:08:19', 'claimed'),
(166, 165, 165, '2024-04-04 11:08:27', 'claimed'),
(167, 261, 261, '2024-04-04 11:08:41', 'claimed'),
(168, 257, 257, '2024-04-04 11:08:50', 'claimed'),
(169, 270, 270, '2024-04-04 11:09:05', 'claimed'),
(170, 278, 278, '2024-04-04 11:09:17', 'claimed'),
(171, 279, 279, '2024-04-04 11:09:30', 'claimed'),
(172, 282, 282, '2024-04-04 11:09:52', 'claimed'),
(173, 283, 283, '2024-04-04 11:10:05', 'claimed'),
(174, 285, 285, '2024-04-04 11:10:19', 'claimed'),
(175, 287, 287, '2024-04-04 11:10:29', 'claimed'),
(176, 280, 280, '2024-04-04 11:10:47', 'claimed'),
(177, 288, 288, '2024-04-04 11:10:56', 'claimed'),
(178, 291, 291, '2024-04-04 11:11:21', 'claimed'),
(179, 292, 292, '2024-04-04 11:11:31', 'claimed'),
(180, 294, 294, '2024-04-04 11:11:43', 'claimed'),
(181, 11, 11, '2024-04-04 11:12:01', 'claimed'),
(182, 6, 6, '2024-04-04 11:12:12', 'claimed'),
(183, 8, 8, '2024-04-04 11:12:24', 'claimed'),
(184, 18, 18, '2024-04-04 11:12:32', 'claimed'),
(185, 15, 15, '2024-04-04 11:12:40', 'claimed'),
(186, 22, 22, '2024-04-04 11:13:15', 'claimed'),
(187, 25, 25, '2024-04-04 11:13:25', 'claimed'),
(188, 30, 30, '2024-04-04 11:15:09', 'claimed'),
(189, 28, 28, '2024-04-04 11:15:17', 'claimed'),
(190, 246, 246, '2024-04-04 11:15:25', 'claimed'),
(191, 247, 247, '2024-04-04 11:15:35', 'claimed'),
(192, 262, 262, '2024-04-04 11:15:56', 'claimed'),
(193, 264, 264, '2024-04-04 11:16:13', 'claimed'),
(194, 251, 251, '2024-04-04 11:16:26', 'claimed'),
(195, 238, 238, '2024-04-04 11:16:42', 'claimed'),
(196, 259, 259, '2024-04-04 11:16:52', 'claimed'),
(197, 243, 243, '2024-04-04 11:17:03', 'claimed'),
(198, 241, 241, '2024-04-04 11:17:11', 'claimed'),
(199, 266, 266, '2024-04-04 11:17:19', 'claimed'),
(200, 249, 249, '2024-04-04 11:17:29', 'claimed'),
(201, 364, 364, '2024-04-04 11:33:19', 'claimed'),
(202, 365, 365, '2024-04-04 11:35:29', 'claimed'),
(203, 67, 67, '2024-04-04 11:36:11', 'claimed'),
(204, 118, 118, '2024-04-04 11:36:27', 'claimed'),
(205, 57, 57, '2024-04-04 11:37:11', 'claimed'),
(206, 121, 121, '2024-04-04 11:38:29', 'claimed');

-- --------------------------------------------------------

--
-- Table structure for table `coupons`
--

CREATE TABLE `coupons` (
  `id` int(11) NOT NULL,
  `coupon_code` varchar(255) NOT NULL,
  `coupon_value` int(11) DEFAULT NULL,
  `owner_id` int(11) DEFAULT NULL,
  `created_at` timestamp NULL DEFAULT current_timestamp(),
  `updated_at` timestamp NULL DEFAULT NULL
) ENGINE=InnoDB DEFAULT CHARSET=utf8mb4 COLLATE=utf8mb4_general_ci;

--
-- Dumping data for table `coupons`
--

INSERT INTO `coupons` (`id`, `coupon_code`, `coupon_value`, `owner_id`, `created_at`, `updated_at`) VALUES
(1, 'ECXFS2024003', 60, 1, '2024-04-04 05:40:17', NULL),
(3, '12345', 60, 3, '2024-04-04 09:29:31', NULL),
(4, 'ECSFS202400', 50, 4, '2024-04-04 05:40:17', NULL),
(5, 'FNBFS2024002', 50, 5, '2024-04-04 05:40:17', NULL),
(6, 'ECXFS2024081', 60, 6, '2024-04-04 05:40:17', NULL),
(7, 'FNBFS2024003', 50, 7, '2024-04-04 05:40:17', NULL),
(8, 'ECXFS2024082', 60, 8, '2024-04-04 05:40:17', NULL),
(9, 'ECXFS2024001', 60, 9, '2024-04-04 05:40:17', NULL),
(10, 'FNBFS2024004', 50, 10, '2024-04-04 05:40:17', NULL),
(11, 'ECXFS2024083', 60, 11, '2024-04-04 05:40:17', NULL),
(12, 'FNBFS2024005', 50, 12, '2024-04-04 05:40:17', NULL),
(13, 'ECXFS2024002', 60, 13, '2024-04-04 05:40:17', NULL),
(14, 'FNBFS2024006', 50, 14, '2024-04-04 05:40:17', NULL),
(15, 'ECXFS2024084', 60, 15, '2024-04-04 05:40:17', NULL),
(16, 'FNBFS2024007', 50, 16, '2024-04-04 05:40:17', NULL),
(17, 'ECXFS2024168', 60, 17, '2024-04-04 05:40:17', NULL),
(18, 'ECXFS2024085', 60, 18, '2024-04-04 05:40:17', NULL),
(19, 'ECXFS2024004', 60, 19, '2024-04-04 07:01:11', NULL),
(20, 'FNBFS2024008', 50, 20, '2024-04-04 07:01:11', NULL),
(21, 'ECXFS2024169', 60, 21, '2024-04-04 07:01:11', NULL),
(22, 'ECXFS2024086', 60, 22, '2024-04-04 07:01:11', NULL),
(23, 'ECXFS2024005', 60, 23, '2024-04-04 07:01:11', NULL),
(24, 'ECXFS2024170', 60, 24, '2024-04-04 07:01:11', NULL),
(25, 'ECXFS2024087', 60, 25, '2024-04-04 07:01:11', NULL),
(26, 'FNBFS2024009', 50, 26, '2024-04-04 07:01:11', NULL),
(27, 'ECXFS2024006', 60, 27, '2024-04-04 07:01:11', NULL),
(28, 'ECXFS2024088', 60, 28, '2024-04-04 07:01:11', NULL),
(29, 'FNBFS20240010', 50, 29, '2024-04-04 07:01:11', NULL),
(30, 'ECXFS2024089', 60, 30, '2024-04-04 07:01:11', NULL),
(31, 'ECXFS2024171', 60, 31, '2024-04-04 07:01:11', NULL),
(32, 'FNBFS20240011', 50, 32, '2024-04-04 07:01:11', NULL),
(33, 'ECXFS2024007', 60, 33, '2024-04-04 07:01:11', NULL),
(34, 'ECXFS2024090', 60, 34, '2024-04-04 07:01:11', NULL),
(35, 'FNBFS20240012', 50, 35, '2024-04-04 07:01:11', NULL),
(36, 'ECXFS2024172', 60, 36, '2024-04-04 07:01:11', NULL),
(37, 'ECXFS2024008', 60, 37, '2024-04-04 07:01:11', NULL),
(38, 'ECXFS2024091', 60, 38, '2024-04-04 07:01:11', NULL),
(39, 'FNBFS20240013', 50, 39, '2024-04-04 07:01:11', NULL),
(40, 'ECXFS2024173', 60, 40, '2024-04-04 07:01:11', NULL),
(41, 'ECXFS2024092', 60, 41, '2024-04-04 07:01:11', NULL),
(42, 'FNBFS20240014', 50, 42, '2024-04-04 07:01:11', NULL),
(43, 'ECXFS2024093', 60, 43, '2024-04-04 07:01:11', NULL),
(44, 'FNBFS20240015', 50, 44, '2024-04-04 07:01:11', NULL),
(45, 'ECXFS2024174', 60, 45, '2024-04-04 07:01:11', NULL),
(46, 'ECXFS2024094', 60, 46, '2024-04-04 07:01:11', NULL),
(47, 'FNBFS20240016', 50, 47, '2024-04-04 07:01:11', NULL),
(48, 'ECXFS2024009', 60, 48, '2024-04-04 07:01:11', NULL),
(49, 'ECXFS2024175', 60, 49, '2024-04-04 07:01:11', NULL),
(50, 'ECXFS2024095', 60, 50, '2024-04-04 07:01:11', NULL),
(51, 'FNBFS20240017', 50, 51, '2024-04-04 07:01:11', NULL),
(52, 'ECXFS2024176', 60, 52, '2024-04-04 07:01:11', NULL),
(53, 'ECXFS2024096', 60, 53, '2024-04-04 07:01:11', NULL),
(54, 'ECXFS2024010', 60, 54, '2024-04-04 07:01:11', NULL),
(55, 'FNBFS20240018', 50, 55, '2024-04-04 07:01:11', NULL),
(56, 'ECXFS2024177', 60, 56, '2024-04-04 07:01:11', NULL),
(57, 'ECXFS2024097', 60, 57, '2024-04-04 07:01:11', NULL),
(58, 'FNBFS20240019', 50, 58, '2024-04-04 07:01:11', NULL),
(59, 'ECXFS2024011', 60, 59, '2024-04-04 07:01:11', NULL),
(60, 'ECXFS2024098', 60, 60, '2024-04-04 07:01:11', NULL),
(61, 'ECXFS2024178', 60, 61, '2024-04-04 07:01:11', NULL),
(62, 'ECXFS2024099', 60, 62, '2024-04-04 07:01:11', NULL),
(63, 'ECXFS2024179', 60, 63, '2024-04-04 07:01:11', NULL),
(64, 'ECXFS2024012', 60, 64, '2024-04-04 07:01:11', NULL),
(65, 'FNBFS20240020', 50, 65, '2024-04-04 07:01:11', NULL),
(66, 'FNBFS20240021', 50, 66, '2024-04-04 07:01:11', NULL),
(67, 'ECXFS2024100', 60, 67, '2024-04-04 07:01:11', NULL),
(68, 'ECXFS2024180', 60, 68, '2024-04-04 07:01:11', NULL),
(69, 'FNBFS20240022', 50, 69, '2024-04-04 07:01:11', NULL),
(70, 'ECXFS2024181', 60, 70, '2024-04-04 07:01:11', NULL),
(71, 'FNBFS20240023', 50, 71, '2024-04-04 07:01:11', NULL),
(72, 'ECXFS2024101', 60, 72, '2024-04-04 07:01:11', NULL),
(73, 'ECXFS2024013', 60, 73, '2024-04-04 07:01:11', NULL),
(74, 'FNBFS20240024', 50, 74, '2024-04-04 07:01:11', NULL),
(75, 'ECXFS2024182', 60, 75, '2024-04-04 07:01:11', NULL),
(76, 'ECXFS2024102', 60, 76, '2024-04-04 07:01:11', NULL),
(77, 'ECXFS2024014', 60, 77, '2024-04-04 07:01:11', NULL),
(78, 'FNBFS20240025', 50, 78, '2024-04-04 07:01:11', NULL),
(79, 'ECXFS2024103', 60, 79, '2024-04-04 07:01:11', NULL),
(80, 'ECXFS2024183', 60, 80, '2024-04-04 07:01:11', NULL),
(81, 'FNBFS20240026', 50, 81, '2024-04-04 07:01:11', NULL),
(82, 'ECXFS2024104', 60, 82, '2024-04-04 07:01:11', NULL),
(83, 'ECXFS2024184', 60, 83, '2024-04-04 07:01:11', NULL),
(84, 'ECXFS2024015', 60, 84, '2024-04-04 07:01:11', NULL),
(85, 'FNBFS20240027', 50, 85, '2024-04-04 07:01:11', NULL),
(86, 'ECXFS2024105', 60, 86, '2024-04-04 07:01:11', NULL),
(87, 'FNBFS20240028', 50, 87, '2024-04-04 07:01:11', NULL),
(88, 'ECXFS2024185', 60, 88, '2024-04-04 07:01:11', NULL),
(89, 'ECXFS2024016', 60, 89, '2024-04-04 07:01:11', NULL),
(90, 'ECXFS2024106', 60, 90, '2024-04-04 07:01:11', NULL),
(91, 'ECXFS2024186', 60, 91, '2024-04-04 07:01:11', NULL),
(92, 'FNBFS20240029', 50, 92, '2024-04-04 07:01:11', NULL),
(93, 'ECXFS2024107', 60, 93, '2024-04-04 07:01:11', NULL),
(94, 'ECXFS2024017', 60, 94, '2024-04-04 07:01:11', NULL),
(95, 'ECXFS2024187', 60, 95, '2024-04-04 07:01:11', NULL),
(96, 'ECXFS2024108', 60, 96, '2024-04-04 07:01:11', NULL),
(97, 'ECXFS2024188', 60, 97, '2024-04-04 07:01:11', NULL),
(98, 'ECXFS2024189', 60, 98, '2024-04-04 07:01:11', NULL),
(99, 'ECXFS2024018', 60, 99, '2024-04-04 07:01:11', NULL),
(100, 'ECXFS2024109', 60, 100, '2024-04-04 07:01:11', NULL),
(101, 'ECXFS2024190', 60, 101, '2024-04-04 07:01:11', NULL),
(102, 'ECXFS2024019', 60, 102, '2024-04-04 07:01:11', NULL),
(103, 'ECXFS2024110', 60, 103, '2024-04-04 07:01:11', NULL),
(104, 'ECXFS2024191', 60, 104, '2024-04-04 07:01:11', NULL),
(105, 'ECXFS2024111', 60, 105, '2024-04-04 07:01:11', NULL),
(106, 'ECXFS2024020', 60, 106, '2024-04-04 07:01:11', NULL),
(107, 'ECXFS2024192', 60, 107, '2024-04-04 07:01:11', NULL),
(108, 'ECXFS2024112', 60, 108, '2024-04-04 07:01:11', NULL),
(109, 'ECXFS2024021', 60, 109, '2024-04-04 07:01:11', NULL),
(110, 'ECXFS2024113', 60, 110, '2024-04-04 07:01:11', NULL),
(111, 'ECXFS2024022', 60, 111, '2024-04-04 07:01:11', NULL),
(112, 'ECXFS2024193', 60, 112, '2024-04-04 07:01:11', NULL),
(113, 'ECXFS2024114', 60, 113, '2024-04-04 07:01:11', NULL),
(114, 'ECXFS2024194', 60, 114, '2024-04-04 07:01:11', NULL),
(115, 'ECXFS2024023', 60, 115, '2024-04-04 07:01:11', NULL),
(116, 'ECXFS2024115', 60, 116, '2024-04-04 07:01:11', NULL),
(117, 'ECXFS2024195', 60, 117, '2024-04-04 07:01:11', NULL),
(118, 'ECXFS2024116', 60, 118, '2024-04-04 07:01:11', NULL),
(119, 'ECXFS2024196', 60, 119, '2024-04-04 07:01:11', NULL),
(120, 'ECXFS2024024', 60, 120, '2024-04-04 07:01:11', NULL),
(121, 'ECXFS2024117', 60, 121, '2024-04-04 07:01:11', NULL),
(122, 'ECXFS2024118', 60, 122, '2024-04-04 07:01:11', NULL),
(123, 'ECXFS2024197', 60, 123, '2024-04-04 07:01:11', NULL),
(124, 'ECXFS2024025', 60, 124, '2024-04-04 07:01:11', NULL),
(125, 'ECXFS2024198', 60, 125, '2024-04-04 07:01:11', NULL),
(126, 'FNBFS20240030', 50, 126, '2024-04-04 07:01:11', NULL),
(127, 'ECXFS2024026', 60, 127, '2024-04-04 07:01:11', NULL),
(128, 'ECXFS2024119', 60, 128, '2024-04-04 07:01:11', NULL),
(129, 'ECXFS2024199', 60, 129, '2024-04-04 07:01:11', NULL),
(130, 'FNBFS20240031', 50, 130, '2024-04-04 07:01:11', NULL),
(131, 'ECXFS2024120', 60, 131, '2024-04-04 07:01:11', NULL),
(132, 'ECXFS2024027', 60, 132, '2024-04-04 07:01:11', NULL),
(133, 'ECXFS2024200', 60, 133, '2024-04-04 07:01:11', NULL),
(134, 'ECXFS2024121', 60, 134, '2024-04-04 07:01:11', NULL),
(135, 'FNBFS20240032', 50, 135, '2024-04-04 07:01:11', NULL),
(136, 'ECXFS2024028', 60, 136, '2024-04-04 07:01:11', NULL),
(137, 'ECXFS2024201', 60, 137, '2024-04-04 07:01:11', NULL),
(138, 'ECXFS2024122', 60, 138, '2024-04-04 07:01:11', NULL),
(139, 'ECXFS2024029', 60, 139, '2024-04-04 07:01:11', NULL),
(140, 'ECXFS2024202', 60, 140, '2024-04-04 07:01:11', NULL),
(141, 'ECXFS2024030', 60, 141, '2024-04-04 07:01:11', NULL),
(142, 'ECXFS2024123', 60, 142, '2024-04-04 07:01:11', NULL),
(143, 'ECXFS2024124', 60, 143, '2024-04-04 07:01:11', NULL),
(144, 'ECXFS2024203', 60, 144, '2024-04-04 07:01:11', NULL),
(145, 'ECXFS2024125', 60, 145, '2024-04-04 07:01:11', NULL),
(146, 'ECXFS2024204', 60, 146, '2024-04-04 07:01:11', NULL),
(147, 'ECXFS2024126', 60, 147, '2024-04-04 07:01:11', NULL),
(148, 'ECXFS2024031', 60, 148, '2024-04-04 07:01:11', NULL),
(149, 'ECXFS2024205', 60, 149, '2024-04-04 07:01:11', NULL),
(150, 'ECXFS2024127', 60, 150, '2024-04-04 07:01:11', NULL),
(151, 'ECXFS2024032', 60, 151, '2024-04-04 07:01:11', NULL),
(152, 'ECXFS2024206', 60, 152, '2024-04-04 07:01:11', NULL),
(153, 'ECXFS2024033', 60, 153, '2024-04-04 07:01:11', NULL),
(154, 'ECXFS2024128', 60, 154, '2024-04-04 07:01:11', NULL),
(155, 'ECXFS2024207', 60, 155, '2024-04-04 07:01:11', NULL),
(156, 'ECXFS2024129', 60, 156, '2024-04-04 07:01:11', NULL),
(157, 'ECXFS2024034', 60, 157, '2024-04-04 07:01:11', NULL),
(158, 'ECXFS2024208', 60, 158, '2024-04-04 07:01:11', NULL),
(159, 'ECXFS2024130', 60, 159, '2024-04-04 07:01:11', NULL),
(160, 'ECXFS2024131', 60, 160, '2024-04-04 07:01:11', NULL),
(161, 'ECXFS2024035', 60, 161, '2024-04-04 07:01:11', NULL),
(162, 'ECXFS2024209', 60, 162, '2024-04-04 07:01:11', NULL),
(163, 'ECXFS2024132', 60, 163, '2024-04-04 07:01:11', NULL),
(164, 'ECXFS2024210', 60, 164, '2024-04-04 07:01:11', NULL),
(165, 'ECXFS2024036', 60, 165, '2024-04-04 07:01:11', NULL),
(166, 'ECXFS2024133', 60, 166, '2024-04-04 07:01:11', NULL),
(167, 'ECXFS2024211', 60, 167, '2024-04-04 07:01:11', NULL),
(168, 'ECXFS2024134', 60, 168, '2024-04-04 07:01:11', NULL),
(169, 'ECXFS2024037', 60, 169, '2024-04-04 07:01:11', NULL),
(170, 'ECXFS2024212', 60, 170, '2024-04-04 07:01:11', NULL),
(171, 'ECXFS2024135', 60, 171, '2024-04-04 07:01:11', NULL),
(172, 'ECXFS2024213', 60, 172, '2024-04-04 07:01:11', NULL),
(173, 'ECXFS2024038', 60, 173, '2024-04-04 07:01:11', NULL),
(174, 'ECXFS2024214', 60, 174, '2024-04-04 07:01:11', NULL),
(175, 'ECXFS2024136', 60, 175, '2024-04-04 07:01:11', NULL),
(176, 'ECXFS2024039', 60, 176, '2024-04-04 07:01:11', NULL),
(177, 'ECXFS2024215', 60, 177, '2024-04-04 07:01:11', NULL),
(178, 'ECXFS2024137', 60, 178, '2024-04-04 07:01:11', NULL),
(179, 'ECXFS2024216', 60, 179, '2024-04-04 07:01:11', NULL),
(180, 'ECXFS2024040', 60, 180, '2024-04-04 07:01:11', NULL),
(181, 'ECXFS2024138', 60, 181, '2024-04-04 07:01:11', NULL),
(182, 'ECXFS2024217', 60, 182, '2024-04-04 07:01:11', NULL),
(183, 'ECXFS2024041', 60, 183, '2024-04-04 07:01:11', NULL),
(184, 'ECXFS2024139', 60, 184, '2024-04-04 07:01:11', NULL),
(185, 'ECXFS2024218', 60, 185, '2024-04-04 07:01:11', NULL),
(186, 'ECXFS2024140', 60, 186, '2024-04-04 07:01:11', NULL),
(187, 'ECXFS2024219', 60, 187, '2024-04-04 07:01:11', NULL),
(188, 'ECXFS2024141', 60, 188, '2024-04-04 07:01:11', NULL),
(189, 'ECXFS2024042', 60, 189, '2024-04-04 07:01:11', NULL),
(190, 'ECXFS2024220', 60, 190, '2024-04-04 07:01:11', NULL),
(191, 'ECXFS2024142', 60, 191, '2024-04-04 07:01:11', NULL),
(192, 'ECXFS2024043', 60, 192, '2024-04-04 07:01:11', NULL),
(193, 'ECXFS2024221', 60, 193, '2024-04-04 07:01:11', NULL),
(194, 'ECXFS2024143', 60, 194, '2024-04-04 07:01:11', NULL),
(195, 'ECXFS2024044', 60, 195, '2024-04-04 07:01:11', NULL),
(196, 'ECXFS2024222', 60, 196, '2024-04-04 07:01:11', NULL),
(197, 'ECXFS2024144', 60, 197, '2024-04-04 07:01:11', NULL),
(198, 'ECXFS2024045', 60, 198, '2024-04-04 07:01:11', NULL),
(199, 'ECXFS2024223', 60, 199, '2024-04-04 07:01:11', NULL),
(200, 'ECXFS2024145', 60, 200, '2024-04-04 07:01:11', NULL),
(201, 'ECXFS2024046', 60, 201, '2024-04-04 07:01:11', NULL),
(202, 'ECXFS2024224', 60, 202, '2024-04-04 07:01:11', NULL),
(203, 'ECXFS2024146', 60, 203, '2024-04-04 07:01:11', NULL),
(204, 'ECXFS2024047', 60, 204, '2024-04-04 07:01:11', NULL),
(205, 'ECXFS2024225', 60, 205, '2024-04-04 07:01:11', NULL),
(206, 'ECXFS2024147', 60, 206, '2024-04-04 07:01:11', NULL),
(207, 'ECXFS2024148', 60, 207, '2024-04-04 07:01:11', NULL),
(208, 'ECXFS2024048', 60, 208, '2024-04-04 07:01:11', NULL),
(209, 'ECXFS2024226', 60, 209, '2024-04-04 07:01:11', NULL),
(210, 'ECSTXFS2024001', 60, 210, '2024-04-04 07:01:11', NULL),
(211, 'ECXFS2024149', 60, 211, '2024-04-04 07:01:11', NULL),
(212, 'ECXFS2024049', 60, 212, '2024-04-04 07:01:11', NULL),
(213, 'ECSTXFS2024002', 60, 213, '2024-04-04 07:01:11', NULL),
(214, 'ECXFS2024227', 60, 214, '2024-04-04 07:01:11', NULL),
(215, 'ECXFS2024150', 60, 215, '2024-04-04 07:01:11', NULL),
(216, 'ECSTXFS2024003', 60, 216, '2024-04-04 07:01:11', NULL),
(217, 'ECXFS2024151', 60, 217, '2024-04-04 07:01:11', NULL),
(218, 'ECXFS2024228', 60, 218, '2024-04-04 07:01:11', NULL),
(219, 'ECXFS2024152', 60, 219, '2024-04-04 07:01:11', NULL),
(220, 'ECSTXFS2024004', 60, 220, '2024-04-04 07:01:11', NULL),
(221, 'ECXFS2024229', 60, 221, '2024-04-04 07:01:11', NULL),
(222, 'ECXFS2024050', 60, 222, '2024-04-04 07:01:11', NULL),
(223, 'ECXFS2024051', 60, 223, '2024-04-04 07:01:11', NULL),
(224, 'ECSTXFS2024005', 60, 224, '2024-04-04 07:01:11', NULL),
(225, 'ECXFS2024230', 60, 225, '2024-04-04 07:01:11', NULL),
(226, 'ECXFS2024153', 60, 226, '2024-04-04 07:01:11', NULL),
(227, 'ECSTXFS2024006', 60, 227, '2024-04-04 07:01:11', NULL),
(228, 'ECXFS2024231', 60, 228, '2024-04-04 07:01:11', NULL),
(229, 'ECXFS2024154', 60, 229, '2024-04-04 07:01:11', NULL),
(230, 'ECXFS2024052', 60, 230, '2024-04-04 07:01:11', NULL),
(231, 'ECSTXFS2024007', 60, 231, '2024-04-04 07:01:11', NULL),
(232, 'ECXFS2024232', 60, 232, '2024-04-04 07:01:11', NULL),
(233, 'ECXFS2024155', 60, 233, '2024-04-04 07:01:11', NULL),
(234, 'ECSTXFS2024008', 60, 234, '2024-04-04 07:01:11', NULL),
(235, 'ECXFS2024156', 60, 235, '2024-04-04 07:01:11', NULL),
(236, 'ECXFS2024053', 60, 236, '2024-04-04 07:01:11', NULL),
(237, 'ECXFS2024233', 60, 237, '2024-04-04 07:01:11', NULL),
(238, 'ECXFS2024054', 60, 238, '2024-04-04 07:01:11', NULL),
(239, 'ECXFS2024157', 60, 239, '2024-04-04 07:01:11', NULL),
(240, 'ECXFS2024234', 60, 240, '2024-04-04 07:01:11', NULL),
(241, 'ECXFS2024055', 60, 241, '2024-04-04 07:01:11', NULL),
(242, 'ECXFS2024158', 60, 242, '2024-04-04 07:01:11', NULL),
(243, 'ECXFS2024056', 60, 243, '2024-04-04 07:01:11', NULL),
(244, 'ECXFS2024159', 60, 244, '2024-04-04 07:01:11', NULL),
(245, 'ECXFS2024235', 60, 245, '2024-04-04 07:01:11', NULL),
(246, 'ECXFS2024057', 60, 246, '2024-04-04 07:01:11', NULL),
(247, 'ECXFS2024058', 60, 247, '2024-04-04 07:01:11', NULL),
(248, 'ECCFFS2024001', 50, 248, '2024-04-04 07:01:11', NULL),
(249, 'ECXFS2024059', 60, 249, '2024-04-04 07:01:11', NULL),
(250, 'ECCFFS2024002', 50, 250, '2024-04-04 07:01:11', NULL),
(251, 'ECXFS2024060', 60, 251, '2024-04-04 07:01:11', NULL),
(252, 'ECCFFS2024003', 50, 252, '2024-04-04 07:01:11', NULL),
(253, 'ECCFFS2024004', 50, 253, '2024-04-04 07:01:11', NULL),
(254, 'ECXFS2024236', 60, 254, '2024-04-04 07:01:33', NULL),
(256, 'ECXFS2024161', 60, 256, '2024-04-04 07:02:10', NULL),
(257, 'ECXFS2024237', 60, 257, '2024-04-04 07:02:35', NULL),
(258, 'ECCFFS2024006', 50, 258, '2024-04-04 07:02:41', NULL),
(259, 'ECXFS2024061', 60, 259, '2024-04-04 07:02:53', NULL),
(260, 'ECXFS2024162', 60, 260, '2024-04-04 07:03:01', NULL),
(261, 'ECXFS2024238', 60, 261, '2024-04-04 07:03:22', NULL),
(262, 'ECXFS2024062', 60, 262, '2024-04-04 07:03:23', NULL),
(263, 'ECCFFS2024008', 50, 263, '2024-04-04 07:03:39', NULL),
(264, 'ECXFS2024063', 60, 264, '2024-04-04 07:03:52', NULL),
(265, 'ECXFS2024163', 60, 265, '2024-04-04 07:03:53', NULL),
(266, 'ECXFS2024064', 60, 266, '2024-04-04 07:04:22', NULL),
(267, 'ECXFS2024164', 60, 267, '2024-04-04 07:04:41', NULL),
(268, 'ECXFS2024065', 60, 268, '2024-04-04 07:04:46', NULL),
(269, 'ECXFS2024165', 60, 269, '2024-04-04 07:05:32', NULL),
(270, 'ECXFS2024066', 60, 270, '2024-04-04 07:05:37', NULL),
(271, 'ECCFFS2024009', 50, 271, '2024-04-04 07:05:49', NULL),
(272, 'ECXFS2024067', 60, 272, '2024-04-04 07:06:38', NULL),
(274, 'ECCFFS2024010', 50, 274, '2024-04-04 07:06:48', NULL),
(275, 'ECXFS2024068', 60, 275, '2024-04-04 07:07:11', NULL),
(276, 'ECXFS2024167', 60, 276, '2024-04-04 07:07:18', NULL),
(277, 'ECCFFS2024011', 50, 277, '2024-04-04 07:07:51', NULL),
(278, 'ECXFS2024069', 60, 278, '2024-04-04 07:07:52', NULL),
(279, 'ECXFS2024070', 60, 279, '2024-04-04 07:08:19', NULL),
(280, 'ECXFS2024071', 60, 280, '2024-04-04 07:08:46', NULL),
(281, 'ECCFFS2024012', 50, 281, '2024-04-04 07:09:04', NULL),
(282, 'ECXFS2024072', 60, 282, '2024-04-04 07:09:14', NULL),
(283, 'ECXFS2024073', 60, 283, '2024-04-04 07:09:50', NULL),
(284, 'ECCFFS2024013', 50, 284, '2024-04-04 07:10:03', NULL),
(285, 'ECXFS2024074', 60, 285, '2024-04-04 07:10:38', NULL),
(286, 'ECCFFS2024014', 50, 286, '2024-04-04 07:10:51', NULL),
(287, 'ECXFS2024075', 60, 287, '2024-04-04 07:11:17', NULL),
(288, 'ECXFS2024076', 60, 288, '2024-04-04 07:12:07', NULL),
(289, 'ECCFFS2024015', 50, 289, '2024-04-04 07:12:12', NULL),
(290, 'ECCFFS2024016', 50, 290, '2024-04-04 07:13:45', NULL),
(291, 'ECXFS2024078', 60, 291, '2024-04-04 07:14:18', NULL),
(292, 'ECXFS2024079', 60, 292, '2024-04-04 07:14:44', NULL),
(293, 'ECCFFS2024017', 50, 293, '2024-04-04 07:15:01', NULL),
(294, 'ECXFS2024080', 60, 294, '2024-04-04 07:15:06', NULL),
(295, 'ECCFFS2024018', 50, 295, '2024-04-04 07:15:53', NULL),
(296, 'ECCFFS2024019', 50, 296, '2024-04-04 07:17:03', NULL),
(297, 'ECCFFS2024020', 50, 297, '2024-04-04 07:18:31', NULL),
(298, 'ECCFFS2024021', 50, 298, '2024-04-04 07:19:12', NULL),
(299, 'ECCFFS2024022', 50, 299, '2024-04-04 07:19:49', NULL),
(300, 'ECCFFS2024023', 50, 300, '2024-04-04 07:20:59', NULL),
(301, 'ECXFS2024242', 60, 301, '2024-04-04 07:22:06', NULL),
(302, 'ECXFS2024243', 60, 302, '2024-04-04 07:22:50', NULL),
(303, 'MATSFNB2024001', 50, 303, '2024-04-04 07:24:08', NULL),
(304, 'MATSFNB2024002', 50, 304, '2024-04-04 07:25:11', NULL),
(305, 'MATSFNB2024003', 50, 305, '2024-04-04 07:26:00', NULL),
(306, 'MATSFNB2024004', 50, 306, '2024-04-04 07:26:54', NULL),
(307, 'MATSFNB2024005', 50, 307, '2024-04-04 07:28:00', NULL),
(308, 'MATSFNB2024006', 50, 308, '2024-04-04 07:29:23', NULL),
(309, 'MATSFNB2024007', 50, 309, '2024-04-04 07:30:21', NULL),
(310, 'MATSFNB2024008', 50, 310, '2024-04-04 07:31:17', NULL),
(311, 'MATSFNB2024009', 50, 311, '2024-04-04 07:33:11', NULL),
(312, 'MATSFNB2024010', 50, 312, '2024-04-04 07:34:27', NULL),
(313, 'MATSFNB2024011', 50, 313, '2024-04-04 07:35:31', NULL),
(314, 'MATSFNB2024012', 50, 314, '2024-04-04 07:36:20', NULL),
(315, 'MATSFNB2024013', 50, 315, '2024-04-04 07:37:25', NULL),
(316, 'MATSFNB2024014', 50, 316, '2024-04-04 07:38:53', NULL),
(317, 'MATSFNB2024015', 50, 317, '2024-04-04 07:44:41', NULL),
(318, 'MATSFNB2024016', 50, 318, '2024-04-04 07:45:32', NULL),
(319, 'MATSFNB2024017', 50, 319, '2024-04-04 07:46:13', NULL),
(320, 'MATSFNB2024018', 50, 320, '2024-04-04 07:47:15', NULL),
(321, 'MATSFNB2024019', 50, 321, '2024-04-04 07:48:00', NULL),
(322, 'ECSFS2024001', 60, 322, '2024-04-04 08:21:38', NULL),
(323, 'ECSFS2024002', 60, 323, '2024-04-04 08:26:38', NULL),
(324, 'ECSFS2024003', 60, 324, '2024-04-04 08:28:02', NULL),
(330, 'ECSFS2024004', 60, 330, '2024-04-04 08:32:30', NULL),
(331, 'ECSFS2024005', 60, 331, '2024-04-04 08:34:24', NULL),
(332, 'ECSFS2024006', 60, 332, '2024-04-04 08:35:16', NULL),
(333, 'ECSFS2024007', 60, 333, '2024-04-04 08:36:20', NULL),
(334, 'ECSFS2024008', 60, 334, '2024-04-04 08:37:04', NULL),
(335, 'ECSFS2024009', 60, 335, '2024-04-04 08:40:46', NULL),
(336, 'ECSFS2024010', 60, 336, '2024-04-04 08:41:41', NULL),
(337, 'ECSFS2024011', 60, 337, '2024-04-04 08:42:48', NULL),
(338, 'ECSFS2024012', 60, 338, '2024-04-04 08:43:32', NULL),
(339, 'ECSFS2024013', 60, 339, '2024-04-04 08:44:10', NULL),
(340, 'ECSFS2024015', 60, 340, '2024-04-04 08:48:15', NULL),
(341, 'ECSFS2024017', 60, 341, '2024-04-04 08:50:46', NULL),
(342, 'ECSFS2024018', 60, 342, '2024-04-04 08:52:10', NULL),
(343, 'ECSFS2024019', 60, 343, '2024-04-04 08:52:55', NULL),
(344, 'ECSFS2024020', 60, 344, '2024-04-04 08:53:44', NULL),
(345, 'ECSFS2024021', 60, 345, '2024-04-04 08:54:43', NULL),
(346, 'ECSFS2024022', 60, 346, '2024-04-04 08:56:34', NULL),
(347, 'ECSFS2024024', 60, 347, '2024-04-04 08:57:27', NULL),
(348, 'ECSFS2024025', 60, 348, '2024-04-04 08:58:26', NULL),
(349, 'ECSFS2024026', 60, 349, '2024-04-04 08:59:25', NULL),
(350, 'ECSFS2024027', 60, 350, '2024-04-04 09:00:28', NULL),
(351, 'ECSFS2024028', 60, 351, '2024-04-04 09:01:30', NULL),
(352, 'ECSFS2024029', 60, 352, '2024-04-04 09:02:10', NULL),
(353, 'ECSFS2024031', 60, 353, '2024-04-04 09:03:08', NULL),
(354, 'ECSFS2024033', 60, 354, '2024-04-04 09:04:11', NULL),
(355, 'ECSFS2024034', 60, 355, '2024-04-04 09:05:06', NULL),
(356, 'ECSFS2024035', 60, 356, '2024-04-04 09:06:04', NULL),
(357, 'ECSFS2024036', 60, 357, '2024-04-04 09:06:58', NULL),
(358, 'ECSFS2024037', 60, 358, '2024-04-04 09:08:28', NULL),
(359, 'ECSFS2024039', 60, 359, '2024-04-04 09:09:23', NULL),
(360, 'ECXFS2024166', 60, 360, '2024-04-04 09:13:45', NULL),
(361, '', 60, 361, '2024-04-04 09:21:33', NULL),
(362, 'ECXFS2024160', 60, 362, '2024-04-04 09:25:49', NULL),
(363, 'ECXFS2024241', 60, 363, '2024-04-04 10:09:33', NULL),
(364, 'ECXFS2024240', 60, 364, '2024-04-04 11:32:53', NULL),
(365, 'ECXFS2024077', 60, 365, '2024-04-04 11:35:18', NULL);

-- --------------------------------------------------------

--
-- Table structure for table `department`
--

CREATE TABLE `department` (
  `id` int(11) NOT NULL,
  `department_name` varchar(255) DEFAULT NULL,
  `department_prefix` varchar(255) DEFAULT NULL
) ENGINE=InnoDB DEFAULT CHARSET=utf8mb4 COLLATE=utf8mb4_general_ci;

--
-- Dumping data for table `department`
--

INSERT INTO `department` (`id`, `department_name`, `department_prefix`) VALUES
(1, 'MAT\'S DONUT', 'MATSFNB'),
(2, 'EC CAFE', 'ECCFFS'),
(3, 'EC SOLUTIONS', 'ECSFS'),
(4, 'ECSTATICX', 'ECSTXFS'),
(5, 'ESKINA', 'FNBFS'),
(6, 'ECXPERIENCE', 'ECXFS');

-- --------------------------------------------------------

--
-- Table structure for table `owners`
--

CREATE TABLE `owners` (
  `id` int(11) NOT NULL,
  `staff_id` varchar(11) NOT NULL,
  `owner_name` varchar(255) NOT NULL,
  `owner_email` varchar(255) NOT NULL,
  `owner_department` int(11) DEFAULT NULL
) ENGINE=InnoDB DEFAULT CHARSET=utf8mb4 COLLATE=utf8mb4_general_ci;

--
-- Dumping data for table `owners`
--

INSERT INTO `owners` (`id`, `staff_id`, `owner_name`, `owner_email`, `owner_department`) VALUES
(1, '22112303', 'ABIGAIL LAXAMANA', '', 6),
(3, '12345', 'test23', '', 4),
(4, '22110702', 'ALBERT TABARREJO', '', 5),
(5, '230629471', 'ALDRINE BALURIN', '', 5),
(6, '230629547', 'GRACE ANNE NUFABLE', '', 6),
(7, '230629490', 'ALJON MEDALLON', '', 5),
(8, '23021003', 'GRACELENE DELA CRUZ', '', 6),
(9, '22110717', 'ABEGAIL MANANKIL', '', 6),
(10, '22110404', 'ANDREA JANE BENAVIDEZ', '', 5),
(11, '230629643', 'GWYNETH AIRA MARTINEZ', '', 6),
(12, '230629467', 'ANGELIQUE TABARREJO', '', 5),
(13, '230629615', 'ABIGAIL CORTEZ', '', 6),
(14, '230629468', 'BENZAN CATATAY', '', 5),
(15, '22060602', 'HANIE ANN ALCANTARA', '', 6),
(16, '23013101', 'BRYAN MERCADO', '', 5),
(17, '22053005', 'MARIEL SAPE', '', 6),
(18, '230629426', 'HAROLD LUMBANG', '', 6),
(19, '23040502', 'ABRALINE KHEI SALO', '', 6),
(20, '230629532', 'CECILE VALERO', '', 5),
(21, '230629647', 'MARIELLE ANTOINETTE CONCEPCION', '', 6),
(22, '230629573', 'HARON KHRISTIAN SENARIO', '', 6),
(23, '22111414', 'AERIELLE LUV AGAPITO', '', 6),
(24, '23010306', 'MARILOU MANAHAN', '', 6),
(25, '22072704', 'HOWARD IVAN CASEY WINDSOR', '', 6),
(26, '230629515', 'CESAR JOHN CHRISTOPHER PALOYO', '', 5),
(27, '230629580', 'AILEEN VASALLO', '', 6),
(28, '230629577', 'IAN LORENZO VILLADOLI D', '', 6),
(29, '22110401', 'CHERYL MALIGANG', '', 5),
(30, '230629610', 'IRISH DENUM', '', 6),
(31, '23021701', 'MARJOHN DIOMA', '', 6),
(32, '22110403', 'CHRISTIAN ARIENDA', '', 5),
(33, '230629414', 'ALBERT LONGOS', '', 6),
(34, '22110715', 'JADEMEER CHIU', '', 6),
(35, '230629411', 'CYRUS RON SABADO', '', 5),
(36, '230629481', 'MARJORIE CEBUANO', '', 6),
(37, '230629663', 'ALDWIN BAUTISTA', '', 6),
(38, '230629554', 'JAMAICA DINATE', '', 6),
(39, '230601', 'ELISA BARTOLOME', '', 5),
(40, '220660604', 'MARJORIE HIPOLITO', '', 6),
(41, '230629520 ', 'JAMES CEDRIC LOPEZ', '', 6),
(42, '23010305', 'ERNALINE SEVILLA', '', 5),
(43, '230629655', 'JAMEY ANNE BARROGA', '', 6),
(44, '23010701', 'GELLY BERTIZ', '', 5),
(45, '23021004', 'MARK ANTHONY FERRER', '', 6),
(46, '22052301', 'JAN LOUIE VICMUDO ', '', 6),
(47, '23062302', 'IRISH CABALLERO', '', 5),
(48, '22060603', 'ALLANA REDONDO', '', 6),
(49, '22110709', 'MARK DANIEL DINONG', '', 6),
(50, '230629544', 'JAN RANDAILE ADRIANO', '', 6),
(51, '23062101', 'JERVILE SILVA', '', 5),
(52, '230629654', 'MARK DAVID RICO ', '', 6),
(53, '230629660', 'JANINE ZULUETA', '', 6),
(54, '230629632', 'ALLYANA JOAQUIN', '', 6),
(55, '23062001', 'JESSIE MAE BANZON', '', 5),
(56, '230629556', 'MARK MITCHELL TENORIO', '', 6),
(57, '230629479', 'JAYZER BALTAZAR', '', 6),
(58, '23042102', 'JOSHUA TORRES', '', 5),
(59, '230629540', ' ALLYSA MAE KLIETZ ', '', 6),
(60, '230629546', 'JEAN CARLO VIZCONDE ', '', 6),
(61, '230629639', 'MARK WENDELL COJOTAN', '', 6),
(62, '230629567', 'JEFFERSON OCAMPO', '', 6),
(63, '23021504', 'MARLOU ABINDAN', '', 6),
(64, '22042701 ', 'ALLYZA MAE ASUNCION', '', 6),
(65, '22111301', 'KARLLANCE STEVEN MORTERA', '', 5),
(66, '23022102', 'KRISTINE MANUEL', '', 5),
(67, '22053001', 'JENELYN DELA CRUZ', '', 6),
(68, '230629558', 'MARLYN ESGUERRA', '', 6),
(69, '23061901', 'LORNA NONATO', '', 5),
(70, '22060101', 'MARRY JOY TOLENTINO', '', 6),
(71, '23030303', 'LOVEVERN SIAPCO', '', 5),
(72, '23030605', 'JENNEL URDANETA ', '', 6),
(73, '22112102', 'ALONDRA SANTIAGO', '', 6),
(74, '23062002', 'MAE ANNE ALSONSO', '', 5),
(75, '230629629', 'MARSHEY MANLIQUEZ', '', 6),
(76, '230629576', 'JENNIFER ALAMO', '', 6),
(77, '22053008', 'ALVIN PARLAN', '', 6),
(78, '23052902', 'MARLON CORONEL', '', 5),
(79, '230629417', 'JENNIFER PAUSTA', '', 6),
(80, '22062003', 'MARY JOYCE SAWIT', '', 6),
(81, '230629531', 'NELSON MORENO', '', 5),
(82, '23030107', 'JEREMY LORD DANCIL', '', 6),
(83, '23021506', 'MARYLEN GATPANDAN', '', 6),
(84, '22030106', 'AMELYN TALASTAS', '', 6),
(85, '22062001', 'REYNANTE INIEGO', '', 5),
(86, '230629636', 'JESSA MAE BARAZON', '', 6),
(87, '23052903', 'ROLANDO ALCANTARA', '', 5),
(88, '230629572', 'MAUI ADRIANO', '', 6),
(89, '230629657', 'AMIEL MIGUELLE TUAZON', '', 6),
(90, '22111423', 'JESTER DUNGO', '', 6),
(91, '230629627', 'MAVRIC ALLEN FRANCISCO', '', 6),
(92, '22110410', 'ROSEMARIE JOSON', '', 5),
(93, '230629543', 'JEZZA AVERILLA', '', 6),
(94, '230629545', 'ANDREA PEREYRAS', '', 6),
(95, '22112304', 'MELISSA DIMAAPI', '', 6),
(96, '23021602', 'JHAMIL LOPEZ', '', 6),
(97, '230629614', 'MERWIN VIAÑA', '', 6),
(98, '23011812', 'MICHAEL WILLIAM MACALINO', '', 6),
(99, '230629497', 'ANDREA JED REYES', '', 6),
(100, '23010314', 'JHON CHRISTIAN  ROBLES ', '', 6),
(101, '22111409', 'MONALIZA FRANCIA', '', 6),
(102, '21120605', 'ANGELIE CASTRO', '', 6),
(103, '22111419', 'JINELA MARIE TOLENTINO', '', 6),
(104, '230626406', 'MONIQUE CURIA', '', 6),
(105, '230629581', 'JINKY MAE AQUINO', '', 6),
(106, '22110713 ', 'ANGELINE ADAN', '', 6),
(107, '230629480', 'MONIRAH RODRIGUEZ', '', 6),
(108, '230629483 ', ' JIREH LEEN MONTIEL', '', 6),
(109, '23010316', 'ANGELO LANSANGAN', '', 6),
(110, '230629456 ', 'JOAN S CRUZ', '', 6),
(111, '230629641', 'ANGELYN MAY HILARIO', '', 6),
(112, '21111701', 'MURPHY CRUZ', '', 6),
(113, '230629562', 'JOHN ADRIANNE  BALTAZAR', '', 6),
(114, '22110718', 'NEIL PATRICK MERCADO', '', 6),
(115, '22070701', 'ANGENINE DOMINGO', '', 6),
(116, '230629570', 'JOHN ALEXIS MANGULABNAN', '', 6),
(117, '230629495', 'NERISSA RIVERA', '', 6),
(118, '22112501', 'JOHN CARLO  BALDOZ', '', 6),
(119, '22110711', 'NESSA LOPEZ', '', 6),
(120, '230629662', 'ANNE CLARIEZH BLANCAFLOR', '', 6),
(121, '230629611', 'JOHN JOSEPH SALAC', '', 6),
(122, '22112306', 'JOHN KENNETH ISAAC', '', 6),
(123, '230629522', 'NICOLE ANGELINE EMPERADO', '', 6),
(124, '22110704', 'ARIANE LEIH DELA CRUZ', '', 6),
(125, '22042801', 'NORMAN REY RIVERA', '', 6),
(126, '23041501', 'RYCA SHANEL SUPAN', '', 5),
(127, '230629649', 'ARJAY OLILA', '', 6),
(128, '230629658', 'JOHN LOUIE SAMSON', '', 6),
(129, '230629527', 'PAMELA ANDREA LANDAYAN', '', 6),
(130, '230629489', 'SAMANTHA GRACE MORICO', '', 5),
(131, '230629550', 'JOHN MARTIN BALTAZAR', '', 6),
(132, '23010308', 'ARJOHN LUNOD', '', 6),
(133, '23021006', 'PATRICIA GACURA', '', 6),
(134, '230629666 ', 'JOHN SPENCER TADEO', '', 6),
(135, '230629686', 'VINCE GABRIEL BARTOLOME', '', 5),
(136, '230629526', 'ARMIE DE GUZMAN', '', 6),
(137, '230629644', 'PILAR ANDREA SANTOS', '', 6),
(138, '230629626 J', 'JOHN STEVEN CAPULONG', '', 6),
(139, '230629653', 'ARON CRESPO', '', 6),
(140, '230629571', 'POLY MARIE DEL CORO', '', 6),
(141, '230629568 ', 'AYAKA FUJISAKU', '', 6),
(142, '22032801 ', 'JOIE ANN CAMILLE ANGELES', '', 6),
(143, '22122106', 'JOLO BARCELONA ', '', 6),
(144, '230629519', 'PRECIOUS LYKO PACATE', '', 6),
(145, '230629552', 'JOMAR ASTORGA', '', 6),
(146, '230629650', 'RACHEL ANGELES', '', 6),
(147, '22032804', 'JONALISA PAMELA SILVESTR E', '', 6),
(148, '22112402', 'BENCH PAMINTUAN', '', 6),
(149, '23021502', 'RACHELLE MAE SENADRIN', '', 6),
(150, '23011602', 'JONALYN NAVARRO', '', 6),
(151, '23033001', 'BERNADETTE FULONG', '', 6),
(152, '230629624', 'RAEMON JOSHUA MERCADO', '', 6),
(153, '230629635', 'BIANCA CAMILLE CHAVEZ', '', 6),
(154, '230629612', 'JONICOLE MAGAT', '', 6),
(155, '230629402', 'RAFAEL PARULAN', '', 6),
(156, '230629578', 'JORDY FERNANDO III ', '', 6),
(157, '230629553', 'BRIXTER KYLE MENDOZA', '', 6),
(158, '230629631', 'RAFFY SAN MATEO', '', 6),
(159, '23030703 ', 'JOSE ALBERTO FONTE', '', 6),
(160, '230629420', 'JOSEPH KATE CRUZ', '', 6),
(161, '230629425', 'BURRY ALLEN ALGARRA', '', 6),
(162, '230629538', 'RAMIL RADSY VILLAROSA', '', 6),
(163, '23011813', 'JOVI MAY  BARTOLOME ', '', 6),
(164, '230629454', 'RAYMUND MATEO', '', 6),
(165, '230629418', 'CAMIL DELA PAZ', '', 6),
(166, '230629500 ', 'JOYLEEN ANNE CLARIN', '', 6),
(167, '22090602', 'REYCHEL JOY CERICOS', '', 6),
(168, '230629458 ', 'JUAN CARLO CORAZON', '', 6),
(169, '22053002', 'CARLA MARIE LEAÑO', '', 6),
(170, '22110712', 'REYNALDO TRINIDAD JR', '', 6),
(171, '22032806', 'JUSMINE KEYL HERNANDEZ', '', 6),
(172, '22111417', 'REYNITA BAYAN', '', 6),
(173, '230629549', 'CARLO CANIMO', '', 6),
(174, '230629557', 'RHION DENERY IGNACIO', '', 6),
(175, '230629484', 'JUSTINE ANN GUTIERREZ', '', 6),
(176, '230629555', 'CARMELA ELIZHA DABO', '', 6),
(177, '230629575', 'RICHARD SEÑORIN', '', 6),
(178, '22111418', 'KAILA KATIPUNAN', '', 6),
(179, '230629523', 'RICHELLE TOLEDO', '', 6),
(180, '230629494', 'CAROLYN KEN VENERACION', '', 6),
(181, '22111411 ', 'KARL AARON LAGUNERO', '', 6),
(182, '22070403', 'RICKY JR. GALICHA', '', 6),
(183, '230626405', 'CATHERINE JOY LONTOC', '', 6),
(184, '230629637', 'KATHERINE PEARL ADRIANO', '', 6),
(185, '23011804', 'ROBERTO GUTIERREZ', '', 6),
(186, '230629651', 'KATLEEN JOY OCAMPO', '', 6),
(187, '22012103', 'RODERICK REYES', '', 6),
(188, '22070703', 'KEVIN FAJARDO ', '', 6),
(189, '22111412', 'CEDRICK DELA CRUZ', '', 6),
(190, '22110902', 'ROLANDO BERNADEZ', '', 6),
(191, '23021507', 'KIER JOSHUA DINATE', '', 6),
(192, '230629457', 'CEEJAY DELA CRUZ', '', 6),
(193, '22080101', 'RONALDO MANAHAN', '', 6),
(194, '230629661', 'KIMBERLY DE GUZMAN', '', 6),
(195, '22070702', 'CHARMAINE REDOÑA ', '', 6),
(196, '230629574', 'RONNIE AMARO', '', 6),
(197, '230629455 ', 'KRACHEL PASCUAL', '', 6),
(198, '23040503', 'CHARMAINE SANTOS', '', 6),
(199, '22053007', 'ROVIE MARC BOLINA', '', 6),
(200, '21111703', 'KRISSA HENRIMER ALBERCA', '', 6),
(201, '23011809', 'CHRISTIAN JOSEPH MARCELO', '', 6),
(202, '230629482', 'RYAN FRANCIS SAN PEDRO', '', 6),
(203, '230629634', 'KRISTINE FURAGGANAN', '', 6),
(204, '23030701', 'CHRISTIAN JOSEPH SERRANO', '', 6),
(205, '21111702', 'SAMUEL PASTRANA', '', 6),
(206, '22110201', 'KRIZIA CLAIRE RAMOS', '', 6),
(207, '22090601', 'KRYSDJAN LYNNARD GALVEZ', '', 6),
(208, '230629648', 'CHRISTIAN YURI RUSCO', '', 6),
(209, '22042202', 'SAPHIRA JOY BRIONES', '', 6),
(210, '21110401', 'ARIES JOHN DIONISIO', '', 4),
(211, '230629608', 'KYLA MANANGHAYA', '', 6),
(212, '23030603', 'CHRISZETTE LUARTEZ', '', 6),
(213, '22110901', 'ARNOLD ALLAN QUILET', '', 4),
(214, '230629642', 'SEATIEL CEDO', '', 6),
(215, '22030108 ', 'LADY TRICIA GONZALES', '', 6),
(216, '230629408', 'DAISY ANN AVILA', '', 4),
(217, '22012102', 'LAILA MARIE TORIO', '', 6),
(218, '230629525', 'SHARLENE CATES CELOZA', '', 6),
(219, '22032110', 'LARAMARIE SACDAL', '', 6),
(220, '2200007x', 'ESTEFANNIE MARAVILA ', '', 4),
(221, '22111415', 'SHERINA MAE CALUPAS', '', 6),
(222, '230629539', 'CLARISS JOY BARON', '', 6),
(223, '230629638', 'CONNEY SANVICTORES', '', 6),
(224, '21122001', 'IVANN JAMES IRRODESTAN', '', 4),
(225, '230629529', 'SHIRLEY SAYO', '', 6),
(226, '230629625', 'LENN MATTHEW VALDEZ', '', 6),
(227, '230629406', 'JEROME DE LARA', '', 4),
(228, '22053004', 'SWEDEN SAMBAJON', '', 6),
(229, '230629563', 'LHEANEAL VALMADRID', '', 6),
(230, '21093001', 'CORAZON HERRERA', '', 6),
(231, '230629440', 'JHONDELL ENRIQUEZ', '', 4),
(232, '230629559', 'THEA MARIE DURAN', '', 6),
(233, '230629605', 'LLOYD DANTIS', '', 6),
(234, '230629430', 'JOSE DELA TORRE JR.', '', 4),
(235, '230629616', 'LORENA CIELO BULANADI', '', 6),
(236, '23030606', 'CRISTINA LOMUGDANG', '', 6),
(237, '230629646', 'THERESE MENDOZA', '', 6),
(238, '230629640', 'DAENIELLE XILCA ESPINO', '', 6),
(239, '23011815', 'LORRAINE CLEMENTE', '', 6),
(240, '23010309', 'TRISHIA DANIELLE RUSIOS', '', 6),
(241, '230629659', 'DAISY MAE CORTEZ', '', 6),
(242, '22062701', 'MA. LOURDES DELA CRUZ', '', 6),
(243, '230626403', 'DANIEL JR PERILLO', '', 6),
(244, '22112801', 'MA.CRISTINA MACARASIG', '', 6),
(245, '21121302', 'VENSIE RAMOS', '', 6),
(246, '22062004', 'DEMBE ANGELES', '', 6),
(247, '22110720', 'DHAREL JANE DEL CASTILLO', '', 6),
(248, '230629434', 'BILLIE CATAYTAY', '', 2),
(249, '230629446', 'DIANNE ANGELIQUE DEL ROSARIO', '', 6),
(250, '23012401', 'DARREL DAIN MENDOZA', '', 2),
(251, '21120602', 'DIANNE GRACE ESGUERRA', '', 6),
(252, '22111603', 'DENNIS JOSHUA DELA ROSA', '', 2),
(253, '23050901', 'DIVINE ZINAMPAN', '', 2),
(254, '22072702', 'VIRGINIA SANTOS', '', 6),
(256, '230629613', 'MA.LUISA NABUA', '', 6),
(257, '23011808', 'WINCIE', '', 6),
(258, '23061801', 'IVAN IGNACIO', '', 2),
(259, '230629569', 'DIANNE VHIE RAMOS', '', 6),
(260, '22090502', 'MA.REZEL MAHIDLAWON ', '', 6),
(261, '230629419', 'ZHAIRA JEAN MADLANG BAYAN', '', 6),
(262, '23010307 ', 'DIONISIO JR NUEZ', '', 6),
(263, '02022501', 'JEFFREY STA. ANA', '', 2),
(264, '22122103', 'DONICA MAE SUAN', '', 6),
(265, '23011811', 'MARA JOY VILLANUE VA ', '', 6),
(266, '230629413', 'DRUZZIE MONIC SALES', '', 6),
(267, '230629477', 'MARELLE BEATRIZ DELOS REYES', '', 6),
(268, '230627422', 'ELIZA SALUNGA', '', 6),
(269, '230629518', 'MARIA HERALYN MAGPAYO ', '', 6),
(270, '230629652', 'ELMER GATUZ', '', 6),
(271, '230629669', 'JEFFREY TALLOD', '', 2),
(272, '230629551', 'EMMANUEL JOHN VALISNO', '', 6),
(274, '23032101', 'JERALD YUPTE', '', 2),
(275, '230629517', 'ERIKA JULIA CAOC', '', 6),
(276, '21120604', 'MARIBEL SAN JUAN', '', 6),
(277, '230629450', 'JERARD EVANGELISTA', '', 2),
(278, '23021403', 'EUGENE TORRES', '', 6),
(279, '23010310', 'EUNICE DACCA', '', 6),
(280, '22030601', 'FAITH HILARIO', '', 6),
(281, '230629492', 'JHOMAR ESPEDILLION', '', 2),
(282, '22112401', 'FATIMA LUNA BANESIO', '', 6),
(283, '22072703', 'FERDINAND JOSEPH LOPEZ', '', 6),
(284, '230629505', 'JONALD IGNACIO', '', 2),
(285, '230629607', 'FRANCHESKA DE LEON', '', 6),
(286, '230629473', 'JOSHUA MIGUEL BONQUIN', '', 2),
(287, '23011803', 'FRANCIS PAYUMO', '', 6),
(288, '230629566', 'FRANCISCO TRINIDAD', '', 6),
(289, '230629687', 'KENNETH PAUL SIAPCO', '', 2),
(290, '23012306', 'LAUREANO DAKANAY JR.', '', 2),
(291, '21111103', 'GIAN CARLO GONZALES', '', 6),
(292, '23021001', 'GLAYNESS JOSON', '', 6),
(293, '23061902', 'MA. LAURICE VILALROSA', '', 2),
(294, '22032103', 'GLYDEL ANNE YAMBAO', '', 6),
(295, '22121902', 'MARK ALLAN TOLENTINO', '', 2),
(296, '23042503', 'MARK ANGELO SEDA', '', 2),
(297, '23062202', 'NOMER EVAN ANTONIO', '', 2),
(298, '22111606', 'RENCIE ROBLES', '', 2),
(299, '23012301', 'RYAN DEE QUIZON', '', 2),
(300, '230629488', 'VILCENT SULIT', '', 2),
(301, '230629423', 'WINSTON KLIETZ', '', 6),
(302, '230629424', 'PATRICIA DENISE MERCADO', '', 6),
(303, '230629507', 'RHODORA HUBILLA', '', 1),
(304, '230629618', 'AEHRON JAY MANACOP', '', 1),
(305, '23060701', 'ARIANNE PRIOS', '', 1),
(306, '230629587', 'EL NINO GELITO', '', 1),
(307, '230629600', 'ERICKSON VALDIZNO', '', 1),
(308, '230629589', 'ETHEL JOYCE SERADILLA', '', 1),
(309, '230629619', 'FERDALLY ROUSE GARCIA', '', 1),
(310, '230629506', 'JERWIN PANZUELO', '', 1),
(311, '23010301', 'JOHN CARLO IGNACIO', '', 1),
(312, '230629590', 'JOVIN MANIAUL', '', 1),
(313, '23062304', 'MARIA CHRISTINA EVANGELISTA', '', 1),
(314, '230629511', 'NICA JOYCE RAMOS', '', 1),
(315, '230629599', 'PHILIP LOUISE MANGUBAT', '', 1),
(316, '230629681', 'RAINA LAURICCE OREJAS', '', 1),
(317, '230629409', 'REGGIE DUENO', '', 1),
(318, '23052901', 'RHEA CANO', '', 1),
(319, '230629582', 'RIZZA CRUZ', '', 1),
(320, '230629465', 'TRICIA ANNE PAYUMO', '', 1),
(321, '230629603', 'VINCENT LARIN', '', 1),
(322, '230629405', 'ANTONIO ALCONES JR.', '', 3),
(323, '22031201', 'BRIAN NARVASA', '', 3),
(324, '22011701', 'CARLO SEACOR', '', 3),
(330, '230629463', 'CARLO MARTIN GONZALES', '', 3),
(331, '230629672', 'CARLOS LOMUNTAD', '', 3),
(332, '230629673', 'CHRISHIA MAE DALAPO', '', 3),
(333, '230629410', 'CHRISTIAN VER SUASIN', '', 3),
(334, '230629533', 'CHRISTOPHER CONCHAS', '', 3),
(335, '230629670', 'DIANNUELLA DISIMBAN', '', 3),
(336, '230629676', 'EDCEL JANE LACANILAO', '', 3),
(337, '0000000001', 'ERIC BUENAFE', '', 3),
(338, '23060702', 'EVELYN PENING', '', 3),
(339, '23022801', 'FEDERICO BANZIL', '', 3),
(340, '230629683', 'HUMPHREY EMMANUEL SANGIL', '', 3),
(341, '230629679', 'JAMIR SEBASTIAN REYES', '', 3),
(342, '21110801', 'JAYCEE QUIJANO', '', 3),
(343, '230629623', 'JENNIFER INGALLA', '', 3),
(344, '230629664', 'JHAIZZEL MAE ROXAS', '', 3),
(345, '230629671', 'JOHN RANIELL ROQUIA', '', 3),
(346, '23011801', 'JUAN PAOLO CASTILLO', '', 3),
(347, '230629510', 'LEONA SUASIN', '', 3),
(348, '0000000002', 'MARIA CHRISTINA BUENAFE', '', 3),
(349, '230629665', 'MICHELLE RIVERA', '', 3),
(350, '230629684', 'NARYN CHANCE DEUNA', '', 3),
(351, '230629678', 'OLIVER DE JESUS', '', 3),
(352, '230629680', 'PAUL WILLIAM REYES', '', 3),
(353, '230629439', 'RECCI JOY VINAS', '', 3),
(354, '230629602', 'RENATO DERRAMAS', '', 3),
(355, '230629682', 'RENCE LOUIE OREJAS', '', 3),
(356, '230629433', 'RINA ALMOSARA', '', 3),
(357, '230629677', 'RINA DE LARA', '', 3),
(358, '230629502', 'ROSEBERT BALAJADIA', '', 3),
(359, '17000001', 'WALTER LIMBARO', '', 3),
(360, '230729521', 'MARIANE  FRANCISCO', '', 6),
(361, '230639510', 'ERIKA BATAC', '', 6),
(362, '230629311', 'MA. KRISTHINE JOYCE BAUTISTA', '', 6),
(363, '230629422', 'RIZZA KATRINA BAUTISTA', '', 6),
(364, '230629421', 'MARY JANE TEODORO', '', 6),
(365, '22090902', 'GENE MARVEY', '', 6);

--
-- Indexes for dumped tables
--

--
-- Indexes for table `admin`
--
ALTER TABLE `admin`
  ADD PRIMARY KEY (`id`);

--
-- Indexes for table `claims`
--
ALTER TABLE `claims`
  ADD PRIMARY KEY (`id`),
  ADD KEY `owner_id` (`owner_id`),
  ADD KEY `coupon_id` (`coupon_id`);

--
-- Indexes for table `coupons`
--
ALTER TABLE `coupons`
  ADD PRIMARY KEY (`id`),
  ADD UNIQUE KEY `uniq_code_id` (`coupon_code`),
  ADD KEY `owner_id` (`owner_id`);

--
-- Indexes for table `department`
--
ALTER TABLE `department`
  ADD PRIMARY KEY (`id`);

--
-- Indexes for table `owners`
--
ALTER TABLE `owners`
  ADD PRIMARY KEY (`id`),
  ADD UNIQUE KEY `uniq_staff_Id` (`staff_id`),
  ADD KEY `owner_dep` (`owner_department`);

--
-- AUTO_INCREMENT for dumped tables
--

--
-- AUTO_INCREMENT for table `claims`
--
ALTER TABLE `claims`
  MODIFY `id` int(11) NOT NULL AUTO_INCREMENT, AUTO_INCREMENT=207;

--
-- AUTO_INCREMENT for table `coupons`
--
ALTER TABLE `coupons`
  MODIFY `id` int(11) NOT NULL AUTO_INCREMENT, AUTO_INCREMENT=366;

--
-- AUTO_INCREMENT for table `department`
--
ALTER TABLE `department`
  MODIFY `id` int(11) NOT NULL AUTO_INCREMENT, AUTO_INCREMENT=12;

--
-- AUTO_INCREMENT for table `owners`
--
ALTER TABLE `owners`
  MODIFY `id` int(11) NOT NULL AUTO_INCREMENT, AUTO_INCREMENT=366;

--
-- Constraints for dumped tables
--

--
-- Constraints for table `claims`
--
ALTER TABLE `claims`
  ADD CONSTRAINT `claims_ibfk_1` FOREIGN KEY (`owner_id`) REFERENCES `owners` (`id`),
  ADD CONSTRAINT `claims_ibfk_2` FOREIGN KEY (`coupon_id`) REFERENCES `coupons` (`id`);

--
-- Constraints for table `coupons`
--
ALTER TABLE `coupons`
  ADD CONSTRAINT `coupons_ibfk_1` FOREIGN KEY (`owner_id`) REFERENCES `owners` (`id`) ON DELETE CASCADE;

--
-- Constraints for table `owners`
--
ALTER TABLE `owners`
  ADD CONSTRAINT `owner_dep` FOREIGN KEY (`owner_department`) REFERENCES `department` (`id`);
COMMIT;

/*!40101 SET CHARACTER_SET_CLIENT=@OLD_CHARACTER_SET_CLIENT */;
/*!40101 SET CHARACTER_SET_RESULTS=@OLD_CHARACTER_SET_RESULTS */;
/*!40101 SET COLLATION_CONNECTION=@OLD_COLLATION_CONNECTION */;
