-- phpMyAdmin SQL Dump
-- version 5.2.1
-- https://www.phpmyadmin.net/
--
-- Host: 127.0.0.1:3309
-- Generation Time: Apr 25, 2024 at 09:19 PM
-- Server version: 10.4.32-MariaDB
-- PHP Version: 8.1.25

SET SQL_MODE = "NO_AUTO_VALUE_ON_ZERO";
START TRANSACTION;
SET time_zone = "+00:00";


/*!40101 SET @OLD_CHARACTER_SET_CLIENT=@@CHARACTER_SET_CLIENT */;
/*!40101 SET @OLD_CHARACTER_SET_RESULTS=@@CHARACTER_SET_RESULTS */;
/*!40101 SET @OLD_COLLATION_CONNECTION=@@COLLATION_CONNECTION */;
/*!40101 SET NAMES utf8mb4 */;

--
-- Database: `ecfoodstub_db`
--

-- --------------------------------------------------------

--
-- Table structure for table `admins`
--

CREATE TABLE `admins` (
  `id` int(11) NOT NULL,
  `email` varchar(255) DEFAULT NULL,
  `password` varchar(255) DEFAULT NULL,
  `display_name` varchar(255) DEFAULT NULL,
  `pin` varchar(255) DEFAULT NULL,
  `role_id` int(11) DEFAULT NULL,
  `location` varchar(255) DEFAULT NULL,
  `created_at` timestamp NULL DEFAULT current_timestamp(),
  `updated_at` timestamp NULL DEFAULT NULL
) ENGINE=InnoDB DEFAULT CHARSET=utf8mb4 COLLATE=utf8mb4_general_ci;

--
-- Dumping data for table `admins`
--

INSERT INTO `admins` (`id`, `email`, `password`, `display_name`, `pin`, `role_id`, `location`, `created_at`, `updated_at`) VALUES
(1, 'admin', 'admin', 'admin', '1111', 2, NULL, NULL, NULL),
(2, 'manager', 'manager', 'Manager', 'CPgt8J4Y24rm2PNo0SC5', 3, 'NA', '2024-04-11 13:52:46', NULL),
(3, 'eskinaCHE', '22110401', 'ESKINA_CHE', NULL, 1, 'ESKINA', '2024-04-22 05:59:03', NULL),
(4, 'snackbar_Samantha', '122425', 'SNACKBAR_SAMANTHA', NULL, 1, 'SNACKBAR', '2024-04-22 06:02:13', NULL),
(5, 'eskinaTIN', '091025', 'KONSI', NULL, 1, 'ESKINA', '2024-04-22 06:02:58', NULL),
(6, 'acctKim', 'acct2023kim', 'Accounting Kim', NULL, 1, 'Acct', '2024-04-24 02:40:21', NULL),
(7, 'snackbarandeng', '22110404', 'Snackbar_andrea', NULL, 1, 'SNACKBAR', '2024-04-25 03:24:33', NULL);

-- --------------------------------------------------------

--
-- Table structure for table `balance_deducted`
--

CREATE TABLE `balance_deducted` (
  `id` int(11) NOT NULL,
  `amount_sd` varchar(255) DEFAULT NULL,
  `receipt_no` varchar(255) DEFAULT NULL,
  `sd_code` varchar(255) DEFAULT NULL,
  `owner_id` varchar(255) DEFAULT NULL,
  `admin_id` int(11) DEFAULT NULL,
  `void` tinyint(1) DEFAULT 0,
  `void_reason` varchar(255) DEFAULT NULL,
  `created_at` timestamp NULL DEFAULT current_timestamp()
) ENGINE=InnoDB DEFAULT CHARSET=utf8mb4 COLLATE=utf8mb4_general_ci;

--
-- Dumping data for table `balance_deducted`
--

INSERT INTO `balance_deducted` (`id`, `amount_sd`, `receipt_no`, `sd_code`, `owner_id`, `admin_id`, `void`, `void_reason`, `created_at`) VALUES
(1, '10', '121405', 'ECXSD2024221', '22080101', 3, 0, NULL, '2024-04-22 06:08:46'),
(2, '10', '121413', 'ECXSD2024015', '22030106', 3, 0, NULL, '2024-04-22 06:33:14'),
(3, '4', 'ESKP115863', 'ECXSD2024015', '22030106', 4, 0, NULL, '2024-04-22 06:45:33'),
(4, '42', '121432', 'ECXSD2024179', '23021504', 3, 0, NULL, '2024-04-22 07:20:45'),
(5, '75', '121433', 'ECXSD2024179', '23021504', 3, 0, NULL, '2024-04-22 07:22:31'),
(6, '131.50', '121435', 'ECXSD2024034', '230629553', 3, 0, NULL, '2024-04-22 07:25:53'),
(7, '50', '121436', 'ECSTXSD2024002', '22110901', 3, 0, NULL, '2024-04-22 07:27:39'),
(8, '25', '121438', 'ECXSD2024087', '22072704', 3, 0, NULL, '2024-04-22 07:32:19'),
(9, '85', 'ESKP115890', 'ecxsd2024225', '21111702', 4, 0, NULL, '2024-04-22 07:37:18'),
(10, '75', 'ESKP115891', 'ecxsd2024207', '230629402', 4, 0, NULL, '2024-04-22 07:39:06'),
(11, '65', 'ESKP1', 'ecxsd2024234', '23010309', 4, 1, NULL, '2024-04-22 07:40:34'),
(12, '65', 'ESKP115892', 'ecxsd2024234', '23010309', 4, 1, NULL, '2024-04-22 07:41:59'),
(13, '65', 'ESKP115892', 'ecxsd2024234', '23010309', 4, 0, NULL, '2024-04-22 07:43:14'),
(14, '25', '121444', 'ECXSD2024191', '230626406', 3, 0, NULL, '2024-04-22 07:44:04'),
(15, '24.50', '121446', 'ECXSD2024234', '23010309', 3, 0, NULL, '2024-04-22 07:47:35'),
(16, '67', 'ESKP115897', 'ecxsd2024075', '23011803', 4, 0, NULL, '2024-04-22 08:02:23'),
(17, '47', '121451', 'ECXSD2024175', '22110709', 3, 0, NULL, '2024-04-22 08:03:07'),
(18, '15', '121452', 'ECXSD2024189', '23011812', 3, 0, NULL, '2024-04-22 08:04:23'),
(19, '22', '121453', 'ECXSD2024014', '22053008', 3, 0, NULL, '2024-04-22 08:05:58'),
(20, '20', '121454', 'ECXSD2024225', '21111702', 3, 0, NULL, '2024-04-22 08:08:57'),
(21, '200', 'ESKP115902', 'ecxsd2024014', '22053008', 4, 0, NULL, '2024-04-22 08:13:48'),
(22, '170', 'ESKP115903', 'ecxsd2024085', '230629426', 4, 0, NULL, '2024-04-22 08:16:29'),
(23, '16', '121464', 'ECXSD2024198', '22042801 ', 3, 0, NULL, '2024-04-22 08:20:07'),
(24, '17', '121466', 'ECXSD2024094', '22052301', 3, 0, NULL, '2024-04-22 08:22:39'),
(25, '130', 'ESKP115911', 'ecxsd2024071', '22030601', 4, 0, NULL, '2024-04-22 08:32:21'),
(26, '8', 'ESKP115912', 'ecxsd2024109', '23010314', 4, 0, NULL, '2024-04-22 08:35:01'),
(27, '60', 'ESKP115914', 'ecxsd2024223', '22053007', 4, 0, NULL, '2024-04-22 08:40:17'),
(28, '116', 'ESKP115916', 'ecxsd2024025', '22110704', 4, 0, NULL, '2024-04-22 08:45:24'),
(29, '16', 'ESKP115923', 'ecxsd2024053', '23030606', 4, 0, NULL, '2024-04-22 08:58:05'),
(30, '82', '121486', 'ECXSD2024108', '23021602', 3, 0, NULL, '2024-04-22 09:04:47'),
(31, '37.50', '121490', 'ECXSD2024004', '23040502', 3, 0, NULL, '2024-04-22 09:12:30'),
(32, '34', 'ESKP115938', 'ecxsd2024004', '23040502', 4, 0, NULL, '2024-04-22 09:19:28'),
(33, '36', 'ESPK115949', 'ecxsd2024196', '22110711', 4, 0, NULL, '2024-04-22 09:33:37'),
(34, '10', '121501', 'ECXSD2024043', '230629457', 3, 0, NULL, '2024-04-22 09:35:11'),
(35, '10', '121501', 'ECXSD2024043', '230629457', 3, 0, NULL, '2024-04-22 09:35:11'),
(36, '20', '121502', 'ECXSD2024132', '23011813', 3, 0, NULL, '2024-04-22 09:36:05'),
(37, '112', '121508', 'ECXSD2024141', '22070703', 3, 0, NULL, '2024-04-22 09:58:33'),
(38, '65', 'ESKP115963', 'ecxsd2024177', '230629556', 4, 0, NULL, '2024-04-22 10:04:07'),
(39, '55', 'EKSP115966', 'ecxsd2024092', '230629520', 4, 0, NULL, '2024-04-22 10:06:16'),
(40, '107', 'ESKP115967', 'ecxsd2024224', '230629482', 4, 0, NULL, '2024-04-22 10:08:01'),
(41, '25', '121515', 'ECXSD2024145', '21111703', 3, 0, NULL, '2024-04-22 10:18:03'),
(42, '80', 'ESKP115972', 'ecxsd2024049', '23030603', 4, 0, NULL, '2024-04-22 10:20:41'),
(43, '30', '121517', 'ECXSD2024145', '21111703', 3, 0, NULL, '2024-04-22 10:22:58'),
(44, '10', '121518', 'ECXSD2024148', '22090601', 3, 0, NULL, '2024-04-22 10:24:50'),
(45, '41', 'ESKP115981', 'ecxsd2024203', '230629519', 4, 0, NULL, '2024-04-22 10:38:26'),
(46, '60', '121521', 'ECXSD2024222', '230629574', 3, 0, NULL, '2024-04-22 11:03:47'),
(47, '74', 'ESKP115998', 'ecxsd2024058', '22110720', 4, 0, NULL, '2024-04-22 11:05:04'),
(48, '22', '121523', 'ECXSD2024223', '22053007', 3, 0, NULL, '2024-04-22 11:12:16'),
(49, '25', '121524', 'ECXSD2024218', '23011804', 3, 0, NULL, '2024-04-22 11:14:45'),
(50, '45', 'ESKP116003', 'ecxsd2024229', '22111415', 4, 0, NULL, '2024-04-22 11:18:16'),
(51, '10', '121485', 'ECXSD2024064', '230629413', 3, 0, NULL, '2024-04-22 11:41:37'),
(52, '9', 'ESKP116017', 'ecxsd2024007', '230629414', 4, 0, NULL, '2024-04-22 11:47:24'),
(53, '25', 'ESKP116019', 'ecxsd2024221', '22080101', 4, 0, NULL, '2024-04-22 11:52:30'),
(54, '70', 'ESKP116020', 'ecxsd2024158', '22062701', 4, 0, NULL, '2024-04-22 11:54:04'),
(55, '201', 'ESKP116023', 'ecxsd2024155', '230629605', 4, 0, NULL, '2024-04-22 11:58:36'),
(56, '56', 'K', 'ecxsd2024007', '230629414', 4, 0, NULL, '2024-04-22 12:00:32'),
(57, '75', 'eskp116032', 'ECXSD2024171', '23021701', 4, 0, NULL, '2024-04-23 03:49:44'),
(58, '84', 'eskp116034', 'ECXSD2024043', '230629457', 4, 0, NULL, '2024-04-23 03:53:04'),
(59, '120', 'eskp116035', 'ECXSD2024093', '230629655', 4, 0, NULL, '2024-04-23 03:55:37'),
(60, '75', 'eskp116037', 'ECXSD2024087', '22072704', 4, 0, NULL, '2024-04-23 03:58:11'),
(61, '150', 'eskp116038', 'ECXSD2024043', '230629457', 4, 0, NULL, '2024-04-23 03:59:20'),
(62, '75', 'eskp116039', 'ECXSD2024034', '230629553', 4, 0, NULL, '2024-04-23 04:00:37'),
(63, '112', 'eskp116041', 'ECXSD2024141', '22070703', 4, 0, NULL, '2024-04-23 04:02:55'),
(64, '25', '121540', 'ECXSD2024218', '23011804', 3, 0, NULL, '2024-04-23 04:04:24'),
(65, '58', 'eskp116042', 'ECXSD2024203', '230629519', 4, 0, NULL, '2024-04-23 04:07:31'),
(66, '130', 'eskp116043', 'ECXSD2024093', '230629655', 4, 0, NULL, '2024-04-23 04:10:36'),
(67, '120', 'eskp116047', 'ECXSD2024075', '23011803', 4, 0, NULL, '2024-04-23 04:18:43'),
(68, '119', 'eskp116050', 'ECXSD2024233', '230629646', 4, 0, NULL, '2024-04-23 04:32:51'),
(69, '69', 'eskp116052', 'ECXSD2024225', '21111702', 4, 0, NULL, '2024-04-23 04:34:43'),
(70, '34', 'eskp116055', 'ECXSD2024130', '23030703', 4, 0, NULL, '2024-04-23 04:47:13'),
(71, '107', 'eskp116058', 'ECXSD2024196', '22110711', 4, 0, NULL, '2024-04-23 04:56:06'),
(72, '55', 'eskp116059', 'ECXSD2024093', '230629655', 4, 0, NULL, '2024-04-23 04:57:12'),
(73, '89', 'eskp116060', 'ECXSD2024008', '230629663', 4, 0, NULL, '2024-04-23 04:58:43'),
(74, '57', '121548', 'ECXSD2024226', '22042202', 3, 0, NULL, '2024-04-23 05:02:53'),
(75, '75', 'eskp116062', 'ECXSD2024064', '230629413', 4, 0, NULL, '2024-04-23 05:08:19'),
(76, '50', 'eskp116063', 'ECXSD2024226', '22042202', 4, 0, NULL, '2024-04-23 05:11:33'),
(77, '150', 'eskp116065', 'ECXSD2024049', '23030603', 4, 0, NULL, '2024-04-23 05:12:42'),
(78, '92', '121554', 'ECXSD2024049', '23030603', 3, 0, NULL, '2024-04-23 05:18:35'),
(79, '27', '121555', 'ECXSD2024142', '23021507', 3, 0, NULL, '2024-04-23 05:22:28'),
(80, '32', '121556', 'ECXSD2024041', '230626405', 3, 0, NULL, '2024-04-23 05:24:15'),
(81, '75', '121559', 'ECXSD2024043', '230629457', 3, 0, NULL, '2024-04-23 05:28:13'),
(82, '85', '121560', 'ECXSD2024132', '23011813', 3, 0, NULL, '2024-04-23 05:29:11'),
(83, '35', '121561', 'ECSTXSD2024003', '230629408', 3, 0, NULL, '2024-04-23 05:32:15'),
(84, '25', '121562', 'ECSTXSD2024003', '230629408', 3, 0, NULL, '2024-04-23 05:33:02'),
(85, '35', '121563', 'ECSTXSD2024008', '230629430', 3, 0, NULL, '2024-04-23 05:34:42'),
(86, '25', '121567', 'ECXSD2024043', '230629457', 3, 0, NULL, '2024-04-23 05:42:54'),
(87, '20', 'eskp116070', 'ECXSD2024132', '23011813', 4, 0, NULL, '2024-04-23 05:47:54'),
(88, '17', 'eskp116072', 'ECXSD2024185', '230629572', 4, 0, NULL, '2024-04-23 05:50:19'),
(89, '17', 'eskp116073', 'ECXSD2024154', '230629563', 4, 0, NULL, '2024-04-23 05:51:36'),
(90, '39.50', '121573', 'ECXSD2024116', '22112501', 3, 0, NULL, '2024-04-23 05:52:51'),
(91, '46', 'eskp116075', 'ECXSD2024014', '22053008', 4, 0, NULL, '2024-04-23 05:54:00'),
(92, '95', 'eskp116076', 'ECXSD2024163', '23011811', 4, 0, NULL, '2024-04-23 05:55:14'),
(93, '28.50', '121564', 'ECXSD2024198', '22042801 ', 3, 0, NULL, '2024-04-23 06:03:08'),
(94, '10', '121576', 'ECXSD2024007', '230629414', 3, 0, NULL, '2024-04-23 06:08:45'),
(95, '10', '121576', 'ECXSD2024007', '230629414', 3, 0, NULL, '2024-04-23 06:08:45'),
(96, '10', '121576', 'ECXSD2024007', '230629414', 3, 0, NULL, '2024-04-23 06:08:45'),
(97, '10', '121576', 'ECXSD2024007', '230629414', 3, 0, NULL, '2024-04-23 06:08:46'),
(98, '10', '121577', 'ECXSD2024036', '230629418', 3, 0, NULL, '2024-04-23 06:09:50'),
(99, '10', '121578', 'ECXSD2024159', '22112801', 3, 0, NULL, '2024-04-23 06:11:03'),
(100, '55', 'eskp116078', 'ECXSD2024061', '230629569', 4, 0, NULL, '2024-04-23 06:12:31'),
(101, '25', '121580', 'ECXSD2024087', '22072704', 3, 0, NULL, '2024-04-23 06:13:30'),
(102, '22.50', '121581', 'ECXSD2024009', '22060603', 3, 0, NULL, '2024-04-23 06:16:27'),
(103, '50', '121583', 'ECXSD2024108', '23021602', 3, 0, NULL, '2024-04-23 06:20:52'),
(104, '65', 'eskp116086', 'ECXSD2024009', '22060603', 4, 0, NULL, '2024-04-23 06:22:47'),
(105, '32', '121585', 'ECXSD2024004', '23040502', 3, 0, NULL, '2024-04-23 06:28:17'),
(106, '54', '121586', 'ECXSD2024179', '23021504', 3, 0, NULL, '2024-04-23 06:29:50'),
(107, '135', 'eskp116092', 'ECXSD2024004', '23040502', 4, 0, NULL, '2024-04-23 06:39:52'),
(108, '32', '121591', 'ECXSD2024218', '23011804', 3, 0, NULL, '2024-04-23 06:41:03'),
(109, '10', '121596', 'ECSTXSD2024002', '22110901', 3, 0, NULL, '2024-04-23 06:49:00'),
(110, '300', '121597', 'ECSTXSD2024002', '22110901', 3, 0, NULL, '2024-04-23 06:50:25'),
(111, '132', '121603', 'ECXSD2024170', '23010306', 3, 0, NULL, '2024-04-23 06:59:41'),
(112, '3', 'ESKP116110', 'ECXSD2024082', '23021003', 4, 0, NULL, '2024-04-23 07:03:32'),
(113, '30', '121607', 'ECXSD2024170', '23010306', 3, 0, NULL, '2024-04-23 07:04:38'),
(114, '90', 'ESKP116111', 'ecxsd2024212', '22110712', 4, 0, NULL, '2024-04-23 07:06:10'),
(115, '75', 'ESKP116113', 'ecxsd2024018', '230629497', 4, 0, NULL, '2024-04-23 07:08:27'),
(116, '5', 'ESKP116114', 'ecxsd2024234', '23010309', 4, 0, NULL, '2024-04-23 07:09:47'),
(117, '15', '121611', 'ECXSD2024109', '23010314', 3, 0, NULL, '2024-04-23 07:12:09'),
(118, '72', '121612', 'ECXSD2024085', '230629426', 3, 0, NULL, '2024-04-23 07:13:25'),
(119, '27.50', '121615', 'ECXSD2024085', '230629426', 3, 0, NULL, '2024-04-23 07:16:48'),
(120, '62', 'ESKP116118', 'ecxsd2024102', '230629576', 4, 0, NULL, '2024-04-23 07:17:05'),
(121, '92', '121618', 'ECXSD2024196', '22110711', 3, 0, NULL, '2024-04-23 07:21:10'),
(122, '92', 'ESKP116121', 'ecxsd2024008', '230629663', 4, 0, NULL, '2024-04-23 07:21:40'),
(123, '5', '121620', 'ECXSD2024071', '22030601', 3, 0, NULL, '2024-04-23 07:26:14'),
(124, '27', '121621', 'ECXSD2024126', '22032804', 3, 0, NULL, '2024-04-23 07:28:43'),
(125, '15', '121622', 'ECXSD2024085', '230629426', 3, 0, NULL, '2024-04-23 07:29:39'),
(126, '99', 'ESKP116126', 'ecxsd2024176', '230629654', 4, 0, NULL, '2024-04-23 07:36:15'),
(127, '25', '121624', 'ECXSD2024126', '22032804', 3, 0, NULL, '2024-04-23 07:36:45'),
(128, '5', 'ESKP116134', 'ecxsd2024171', '23021701', 4, 0, NULL, '2024-04-23 07:58:17'),
(129, '162', 'ESKP116135', 'ecxsd2024154', '230629563', 4, 0, NULL, '2024-04-23 08:00:04'),
(130, '150', '121629', 'ECXSD2024167', '21120604', 3, 0, NULL, '2024-04-23 08:00:12'),
(131, '70', '121630', 'ECXSD2024132', '23011813', 3, 0, NULL, '2024-04-23 08:00:55'),
(132, '75', 'ESKP116136', 'ecxsd2024171', '23021701', 4, 0, NULL, '2024-04-23 08:04:19'),
(133, '100', 'ESKP116137', 'ecxsd2024163', '23011811', 4, 0, NULL, '2024-04-23 08:06:45'),
(134, '45', '121636', 'ECXSD2024225', '21111702', 3, 0, NULL, '2024-04-23 08:12:41'),
(135, '187', 'ESKP116145', 'ecxsd2024133', '230629500', 4, 0, NULL, '2024-04-23 08:40:35'),
(136, '22', '121647', 'ECXSD2024014', '22053008', 3, 0, NULL, '2024-04-23 08:44:53'),
(137, '53', 'ESKP116044', 'ecxsd2024223', '22053007', 4, 0, NULL, '2024-04-23 08:48:28'),
(138, '70', '121651', 'ECXSD2024141', '22070703', 3, 0, NULL, '2024-04-23 08:48:56'),
(139, '20', '121655', 'ECXSD2024164', '230629477', 3, 0, NULL, '2024-04-23 08:54:20'),
(140, '85', 'ESKP116156', 'ecxsd2024233', '230629646', 4, 0, NULL, '2024-04-23 09:00:24'),
(141, '119', 'ESKP116157', 'ecxsd2024092', '230629520', 4, 0, NULL, '2024-04-23 09:02:03'),
(142, '99', 'ESKP116158', 'ecxsd2024177', '230629556', 4, 0, NULL, '2024-04-23 09:02:57'),
(143, '330', '121658', 'ECXSD2024191', '230626406', 3, 0, NULL, '2024-04-23 09:03:33'),
(144, '51', '121666', 'ECXSD2024222', '230629574', 3, 0, NULL, '2024-04-23 09:23:22'),
(145, '223', 'ESKP116162', 'ecxsd2024230', '230629529', 4, 0, NULL, '2024-04-23 09:24:42'),
(146, '60', 'ESKP116165', 'ecxsd2024207', '230629402', 4, 0, NULL, '2024-04-23 09:26:11'),
(147, '30', 'ESKP116170', 'ecxsd2024034', '230629553', 4, 0, NULL, '2024-04-23 09:33:58'),
(148, '25', '121538', 'ECXSD2024203', '230629519', 3, 0, NULL, '2024-04-23 09:53:16'),
(149, '155', 'ESKP116176', 'ecxsd2024221', '22080101', 4, 0, NULL, '2024-04-23 09:57:54'),
(150, '46', 'ESKP116177', 'ecxsd2024203', '230629519', 4, 0, NULL, '2024-04-23 09:58:54'),
(151, '52', '121557', 'ECXSD2024175', '22110709', 3, 0, NULL, '2024-04-23 10:03:21'),
(152, '53', 'ESKP116181', 'ecxsd2024124', '22122106', 4, 0, NULL, '2024-04-23 10:07:33'),
(153, '18', 'ESKP116185', 'ecxsd2024062', '23010307', 4, 0, NULL, '2024-04-23 10:14:37'),
(154, '161', 'ESKP116193', 'ecxsd2024170', '23010306', 4, 0, NULL, '2024-04-23 10:26:12'),
(155, '50', '121678', 'ECXSD2024175', '22110709', 3, 0, NULL, '2024-04-23 10:29:05'),
(156, '60', '121679', 'ECXSD2024145', '21111703', 3, 0, NULL, '2024-04-23 10:30:11'),
(157, '20', '121685', 'ECXSD2024132', '23011813', 3, 0, NULL, '2024-04-23 10:54:00'),
(158, '35', 'ESKP116205', 'ecxsd2024229', '22111415', 4, 0, NULL, '2024-04-23 10:55:48'),
(159, '50', '121686', 'ECXSD2024108', '23021602', 3, 0, NULL, '2024-04-23 11:01:21'),
(160, '15', 'ESKP116211', 'ecxsd2024085', '230629426', 4, 0, NULL, '2024-04-23 11:05:45'),
(161, '45', 'ESKP116213', 'ecxsd2024085', '230629426', 4, 0, NULL, '2024-04-23 11:14:02'),
(162, '79', 'ESKP116214', 'ecxsd2024102', '230629576', 4, 0, NULL, '2024-04-23 11:16:10'),
(163, '20', '121688', 'ECXSD2024223', '22053007', 3, 0, NULL, '2024-04-23 11:23:46'),
(164, '45', '121690', 'ECSTXSD2024003', '230629408', 3, 0, NULL, '2024-04-24 03:31:11'),
(165, '90', '121691', 'ECSTXSD2024008', '                              230629430', 3, 0, NULL, '2024-04-24 03:42:23'),
(166, '117', '121694', 'ECXSD2024203', '230629519', 3, 0, NULL, '2024-04-24 03:53:05'),
(167, '25', '121694', 'ECXSD2024102', '230629576', 3, 0, NULL, '2024-04-24 03:54:06'),
(168, '20', 'ESKP116234', 'ECXSD2024203', '230629519', 4, 0, NULL, '2024-04-24 03:54:33'),
(169, '25', '121696', 'ECXSD2024218', '23011804', 3, 0, NULL, '2024-04-24 03:54:49'),
(170, '75', 'ESKP116235', 'ecxsd2024087', '22072704', 4, 0, NULL, '2024-04-24 03:56:17'),
(171, '55', 'ESKP116236', 'ecxsd2024233', '230629646', 4, 0, NULL, '2024-04-24 03:58:49'),
(172, '25', '121700', 'ECXSD2024124', '22122106', 3, 0, NULL, '2024-04-24 04:00:53'),
(173, '24', 'ESKP116238', 'ecxsd2024179', '23021504', 4, 0, NULL, '2024-04-24 04:01:58'),
(174, '55', '121701', 'ECXSD2024198', '22042801 ', 3, 0, NULL, '2024-04-24 04:02:43'),
(175, '120', 'ESKP116239', 'ecxsd2024125', '230629552', 4, 0, NULL, '2024-04-24 04:04:10'),
(176, '86', '121703', 'ECXSD2024202', '230629571', 3, 0, NULL, '2024-04-24 04:04:13'),
(177, '240', 'ESKP116240', 'ecxsd2024093', '230629655', 4, 0, NULL, '2024-04-24 04:07:26'),
(178, '104', 'ESKP116242', 'ecxsd2024075', '23011803', 4, 0, NULL, '2024-04-24 04:11:17'),
(179, '172', '121705', 'ECXSD2024133', '230629500', 3, 0, NULL, '2024-04-24 04:12:08'),
(180, '75', 'ESKP116243', 'ecxsd2024035', '230629425', 4, 0, NULL, '2024-04-24 04:13:12'),
(181, '108', 'ESKP116244', 'ecxsd2024202', '230629571', 4, 0, NULL, '2024-04-24 04:16:26'),
(182, '26', 'ESKP116246', 'ecxsd2024014', '22053008', 4, 0, NULL, '2024-04-24 04:17:45'),
(183, '114', '121707', 'ECXSD2024185', '230629572', 3, 0, NULL, '2024-04-24 04:20:07'),
(184, '20', '121711', 'ECXSD2024132', '23011813', 3, 0, NULL, '2024-04-24 04:23:40'),
(185, '42', 'ESKP116251', 'ecxsd2024229', '22111415', 4, 0, NULL, '2024-04-24 04:26:52'),
(186, '170', '121716', 'ECXSD2024004', '23040502', 3, 0, NULL, '2024-04-24 04:31:53'),
(187, '118', 'ESKP116253', 'ecxsd2024004', '23040502', 4, 0, NULL, '2024-04-24 04:37:51'),
(188, '95', '121719', 'ECXSD2024085', '230629426', 3, 0, NULL, '2024-04-24 04:39:57'),
(189, '69', 'ESKP116255', 'ecxsd2024225', '21111702', 4, 0, NULL, '2024-04-24 04:40:10'),
(190, '112', '121722', 'ECXSD2024171', '23021701', 3, 0, NULL, '2024-04-24 04:46:28'),
(191, '112', '121722', 'ECXSD2024171', '23021701', 3, 0, NULL, '2024-04-24 04:46:28'),
(192, '112', '121722', 'ECXSD2024171', '23021701', 3, 0, NULL, '2024-04-24 04:46:28'),
(193, '110', 'ESKP116263', 'ecxsd2024149', '230629608', 4, 0, NULL, '2024-04-24 04:50:16'),
(194, '26', 'ESKP116264', 'ecxsd2024008', '230629663', 4, 0, NULL, '2024-04-24 04:56:01'),
(195, '92', '121726', 'ECXSD2024049', '23030603', 3, 0, NULL, '2024-04-24 04:58:20'),
(196, '40', '121729', 'ECXSD2024179', '23021504', 3, 0, NULL, '2024-04-24 05:07:33'),
(197, '35', '121730', 'ECXSD2024043', '230629457', 3, 0, NULL, '2024-04-24 05:11:10'),
(198, '20', 'ESKP116269', 'ecxsd2024132', '23011813', 4, 0, NULL, '2024-04-24 05:11:24'),
(199, '25', '121733', 'ECXSD2024132', '23011813', 3, 0, NULL, '2024-04-24 05:17:01'),
(200, '26', 'ESKP116270', 'ecxsd2024226', '22042202', 4, 0, NULL, '2024-04-24 05:18:06'),
(201, '47', '121734', 'ECXSD2024175', '22110709', 3, 0, NULL, '2024-04-24 05:18:14'),
(202, '110', '121735', 'ECXSD2024108', '23021602', 3, 0, NULL, '2024-04-24 05:19:46'),
(203, '131', 'ESKP116271', 'ecxsd2024203', '230629519', 4, 0, NULL, '2024-04-24 05:19:53'),
(204, '22', '121736', 'ECXSD2024226', '22042202', 3, 0, NULL, '2024-04-24 05:20:37'),
(205, '25', '121737', 'ECXSD2024018', '230629497', 3, 0, NULL, '2024-04-24 05:21:43'),
(206, '57', '121738', 'ECXSD2024207', '230629402', 3, 0, NULL, '2024-04-24 05:24:50'),
(207, '25', 'ESKP116273', 'ecxsd2024234', '23010309', 4, 0, NULL, '2024-04-24 05:24:55'),
(208, '12.50', '121740', 'ECXSD2024234', '23010309', 3, 0, NULL, '2024-04-24 05:33:52'),
(209, '15', '121742', 'ECXSD2024132', '23011813', 3, 0, NULL, '2024-04-24 05:46:35'),
(210, '32', '121743', 'ECXSD2024198', '22042801 ', 3, 0, NULL, '2024-04-24 05:48:17'),
(211, '48', 'ESKP116277', 'ecxsd2024124', '22122106', 4, 0, NULL, '2024-04-24 05:49:22'),
(212, '54.50', '121745', 'ECXSD2024116', '22112501', 3, 0, NULL, '2024-04-24 05:50:41'),
(213, '77', 'ESKP116278', 'ecxsd2024233', '230629646', 4, 0, NULL, '2024-04-24 05:51:35'),
(214, '45', '121746', 'ECSTXSD2024002', '22110901', 3, 0, NULL, '2024-04-24 05:54:21'),
(215, '55', 'ESK116279', 'ecstxsd2024003', '230629408', 4, 0, NULL, '2024-04-24 05:56:57'),
(216, '55', 'ESK116279', 'ecstxsd2024003', '230629408', 4, 0, NULL, '2024-04-24 05:56:57'),
(217, '32', 'ESKP116281', 'ecxsd2024108', '23021602', 4, 0, NULL, '2024-04-24 05:58:32'),
(218, '51', 'ESKP116282', 'ecxsd2024137', '22111418', 4, 0, NULL, '2024-04-24 06:06:46'),
(219, '15', '121749', 'ECXSD2024007', '230629414', 3, 0, NULL, '2024-04-24 06:07:05'),
(220, '56', 'ESKP1162286', 'ecxsd2024196', '22110711', 4, 0, NULL, '2024-04-24 06:13:32'),
(221, '70', 'ESKP116289', 'ecxsd2024009', '22060603', 4, 0, NULL, '2024-04-24 06:18:25'),
(222, '35', '121759', 'ECXSD2024062', '23010307', 3, 0, NULL, '2024-04-24 06:19:13'),
(223, '76', '121767', 'ECXSD2024102', '230629576', 3, 0, NULL, '2024-04-24 06:33:14'),
(224, '69', 'ESKP116304', 'ecxsd2024102', '230629576', 4, 0, NULL, '2024-04-24 06:40:26'),
(225, '8', 'ESKP116310', 'ecxsd2024171', '23021701', 4, 0, NULL, '2024-04-24 06:53:27'),
(226, '25', '121781', 'ECXSD2024043', '230629457', 3, 0, NULL, '2024-04-24 07:07:17'),
(227, '82', '121780', 'ECXSD2024141', '22070703', 3, 0, NULL, '2024-04-24 07:08:15'),
(228, '43', 'ESKP116318', 'ecxsd2024167', '21120604', 4, 0, NULL, '2024-04-24 07:12:07'),
(229, '50', 'ESKP116320', 'ecxsd2024229', '22111415', 4, 0, NULL, '2024-04-24 07:16:20'),
(230, '313', 'ESKP116321', 'ecxsd2024154', '230629563', 4, 0, NULL, '2024-04-24 07:19:21'),
(231, '55', 'ESKP116326', 'ecxsd2024201', '230629644', 4, 0, NULL, '2024-04-24 07:25:12'),
(232, '20', '121788', 'ECXSD2024109', '23010314', 3, 0, NULL, '2024-04-24 07:26:48'),
(233, '7', '121789', 'ECXSD2024191', '230626406', 3, 0, NULL, '2024-04-24 07:28:46'),
(234, '60', 'ESKP116334', 'ecxsd2024004', '23040502', 4, 0, NULL, '2024-04-24 07:42:58'),
(235, '66', '121790', 'ECXSD2024223', '22053007', 3, 0, NULL, '2024-04-24 07:47:09'),
(236, '40', 'ESKP116337', 'ecxsd2024222', '230629574', 4, 0, NULL, '2024-04-24 07:49:10'),
(237, '50', '121791', 'ECXSD2024222', '230629574', 3, 0, NULL, '2024-04-24 07:50:44'),
(238, '10', '121792', 'ECXSD2024145', '21111703', 3, 0, NULL, '2024-04-24 07:52:40'),
(239, '160', '121793', 'ECXSD2024170', '23010306', 3, 0, NULL, '2024-04-24 07:54:58'),
(240, '215', 'ESKP116344', 'ecxsd2024155', '230629605', 4, 0, NULL, '2024-04-24 08:11:19'),
(241, '20', 'ESKP116349', 'ecxsd2024132', '23011813', 4, 0, NULL, '2024-04-24 08:25:47'),
(242, '70', 'ESKP116350', 'ecxsd2024175', '22110709', 4, 0, NULL, '2024-04-24 08:31:52'),
(243, '207', 'ESKP116358', 'ecxsd2024043', '230629457', 4, 0, NULL, '2024-04-24 09:07:55'),
(244, '60', '121817', 'ECXSD2024225', '21111702', 3, 0, NULL, '2024-04-24 09:10:32'),
(245, '67', '121818', 'ECXSD2024163', '23011811', 3, 0, NULL, '2024-04-24 09:11:41'),
(246, '25', 'ESKP116362', 'ecxsd2024233', '230629646', 4, 0, NULL, '2024-04-24 09:13:05'),
(247, '17', '121824', 'ECXSD2024014', '22053008', 3, 0, NULL, '2024-04-24 09:18:37'),
(248, '40', 'ESKP116370', 'ecxsd2024008', '230629663', 4, 0, NULL, '2024-04-24 09:19:07'),
(249, '5', '121828', 'ECXSD2024014', '22053008', 3, 0, NULL, '2024-04-24 09:22:53'),
(250, '42', 'ESKP116373', 'ecxsd2024126', '22032804', 4, 0, NULL, '2024-04-24 09:25:16'),
(251, '21', '121829', 'ECXSD2024230', '230629529', 3, 0, NULL, '2024-04-24 09:27:22'),
(252, '29', 'ESKP116378', 'ecxsd2024230', '230629529', 4, 0, NULL, '2024-04-24 09:32:42'),
(253, '60', 'ESKP116380', 'ecxsd2024024', '230629662', 4, 0, NULL, '2024-04-24 09:41:36'),
(254, '30', '121835', 'ECXSD2024203', '230629519', 3, 0, NULL, '2024-04-24 09:43:22'),
(255, '9', 'ESKP116391', 'ecxsd2024071', '22030601', 4, 0, NULL, '2024-04-24 10:07:51'),
(256, '27', 'ESKP116394', 'ecxsd2024061', '230629569', 4, 0, NULL, '2024-04-24 10:12:56'),
(257, '20', '121850', 'ECXSD2024132', '23011813', 3, 0, NULL, '2024-04-24 10:12:58'),
(258, '109', 'ESKP116395', 'ecxsd2024202', '230629571', 4, 0, NULL, '2024-04-24 10:14:18'),
(259, '42', 'ESKP116396', 'ecxsd2024224', '230629482', 4, 0, NULL, '2024-04-24 10:15:18'),
(260, '15', 'ESKP116399', 'ecxsd2024132', '23011813', 4, 0, NULL, '2024-04-24 10:19:06'),
(261, '76', 'ESKP116401', 'ecxsd2024101', '23030605', 4, 0, NULL, '2024-04-24 10:28:05'),
(262, '67', 'ESKP116402', 'ecxsd2024071', '22030601', 4, 0, NULL, '2024-04-24 10:28:53'),
(263, '122', 'ESKP116408', 'ecxsd2024056', '230626403', 4, 0, NULL, '2024-04-24 10:39:49'),
(264, '116', 'ESKP116415', 'ecxsd2024203', '230629519', 4, 0, NULL, '2024-04-24 10:54:48'),
(265, '22', '121854', 'ECXSD2024124', '22122106', 3, 0, NULL, '2024-04-24 10:58:08'),
(266, '74', 'ESKP116422', 'ecxsd2024132', '23011813', 4, 0, NULL, '2024-04-24 11:05:56'),
(267, '16', 'ESKP116426', 'ecxsd2024229', '22111415', 4, 0, NULL, '2024-04-24 11:12:27'),
(268, '109', 'ESKP116428', 'ecxsd2024108', '23021602', 4, 0, NULL, '2024-04-24 11:16:01'),
(269, '22', 'ESKP116430', 'ecxsd2024130', '23030703', 4, 0, NULL, '2024-04-24 11:18:06'),
(270, '80', 'ESKP116440', 'ecxsd2024073', '22072703', 4, 0, NULL, '2024-04-24 11:55:07'),
(271, '65', 'ESKP116441', 'ecxsd2024057', '22062004', 4, 0, NULL, '2024-04-24 11:55:56'),
(272, '107', '121861', 'ECXSD2024202', '230629571', 3, 0, NULL, '2024-04-25 03:24:01'),
(273, '114', '121858', 'ECXSD2024158', '22062701', 3, 0, NULL, '2024-04-25 03:29:11'),
(274, '25', '121866', 'ECXSD2024046', '23011809', 3, 0, NULL, '2024-04-25 03:43:01'),
(275, '77.50', '12187', 'ECXSD2024087', '22072704', 3, 0, NULL, '2024-04-25 03:56:07'),
(276, '25', '121871', 'ECXSD2024218', '23011804', 3, 0, NULL, '2024-04-25 03:56:50'),
(277, '89', 'eskp116456', 'ECXSD2024171', '23021701', 7, 0, NULL, '2024-04-25 03:59:14'),
(278, '20', 'eskp116458', 'ECXSD2024203', '230629519', 7, 0, NULL, '2024-04-25 04:00:02'),
(279, '107', '121872', 'ECXSD2024203', '230629519', 3, 0, NULL, '2024-04-25 04:01:08'),
(280, '138', 'eskp116459', 'ECXSD2024141', '22070703', 7, 0, NULL, '2024-04-25 04:03:50'),
(281, '80', 'eskp116460', 'ECXSD2024223', '22053007', 7, 0, NULL, '2024-04-25 04:04:52'),
(282, '54', 'eskp116461', 'ECXSD2024230', '230629529', 7, 0, NULL, '2024-04-25 04:06:32'),
(283, '20', 'eskp116462', 'ECXSD2024171', '23021701', 7, 0, NULL, '2024-04-25 04:08:05'),
(284, '110', '121873', 'ECXSD2024133', '230629500', 3, 0, NULL, '2024-04-25 04:10:22'),
(285, '47', 'eskp116464', 'ECXSD2024014', '22053008', 7, 0, NULL, '2024-04-25 04:10:40'),
(286, '190', '121875', 'ECXSD2024154', '230629563', 3, 0, NULL, '2024-04-25 04:13:34'),
(287, '25', '121876', 'ECXSD2024196', '22110711', 3, 0, NULL, '2024-04-25 04:14:55'),
(288, '95', '121879', 'ECXSD2024056', '230626403', 3, 0, NULL, '2024-04-25 04:23:28'),
(289, '76', 'eskp116468', 'ECXSD2024233', '230629646', 7, 0, NULL, '2024-04-25 04:36:38'),
(290, '25', '121883', 'ECXSD2024223', '22053007', 3, 0, NULL, '2024-04-25 04:46:49'),
(291, '71', 'eskp116475', 'ECXSD2024075', '23011803', 7, 0, NULL, '2024-04-25 05:01:06'),
(292, '25', '121886', 'ECXSD2024163', '23011811', 3, 0, NULL, '2024-04-25 05:01:14'),
(293, '100', '121887', 'ECXSD2024179', '23021504', 3, 0, NULL, '2024-04-25 05:04:48'),
(294, '105', 'ESKP116479', 'ECXSD2024130', '23030703', 7, 0, NULL, '2024-04-25 05:07:22'),
(295, '15', 'ESKP116480', 'ecxsd2024179', '23021504', 7, 0, NULL, '2024-04-25 05:08:41'),
(296, '344', 'ESKP116482', 'ecxsd2024202', '230629571', 7, 0, NULL, '2024-04-25 05:18:00'),
(297, '25', '121890', 'ECXSD2024108', '23021602', 3, 0, NULL, '2024-04-25 05:21:23'),
(298, '95', '121895', 'ECXSD2024034', '230629553', 3, 0, NULL, '2024-04-25 05:36:38'),
(299, '25', '121897', 'ECXSD2024226', '22042202', 3, 0, NULL, '2024-04-25 05:39:15'),
(300, '22', '121898', 'ECXSD2024034', '230629553', 3, 0, NULL, '2024-04-25 05:39:59'),
(301, '42', '121899', 'ECXSD2024175', '22110709', 3, 0, NULL, '2024-04-25 05:41:09'),
(302, '66', 'ESKP116489', 'ecxsd2024102', '230629576', 7, 0, NULL, '2024-04-25 05:41:12'),
(303, '15', '121900', 'ECXSD2024189', '23011812', 3, 0, NULL, '2024-04-25 05:43:00'),
(304, '20', '121901', 'ECSTXSD2024002', '22110901', 3, 0, NULL, '2024-04-25 05:44:34'),
(305, '15', 'ESKP116491', 'ecstxsd2024003', '230629408', 7, 0, NULL, '2024-04-25 05:44:46'),
(306, '40', '121903', 'ECXSD2024163', '23011811', 3, 0, NULL, '2024-04-25 05:48:01'),
(307, '30', 'ESKP116493', 'ecxsd2024234', '23010309', 7, 0, NULL, '2024-04-25 05:48:24'),
(308, '150', '121904', 'ECSTXSD2024003', '230629408', 3, 0, NULL, '2024-04-25 05:49:17'),
(309, '65', 'ESKP116494', 'ecxsd2024234', '23010309', 7, 0, NULL, '2024-04-25 05:50:13'),
(310, '76', '121906', 'ECXSD2024018', '230629497', 3, 0, NULL, '2024-04-25 05:53:18'),
(311, '17', '121907', 'ECXSD2024234', '23010309', 3, 0, NULL, '2024-04-25 05:54:58'),
(312, '105', 'ESKP116496', 'ecxsd2024085', '230629426', 7, 0, NULL, '2024-04-25 05:57:13'),
(313, '20', '121909', 'ECXSD2024132', '23011813', 3, 0, NULL, '2024-04-25 05:57:24'),
(314, '159', 'ESKP116497', 'ecxsd2024196', '22110711', 7, 0, NULL, '2024-04-25 06:00:54'),
(315, '10', '121912', 'ECXSD2024004', '23040502', 3, 0, NULL, '2024-04-25 06:05:36'),
(316, '93', 'ESKP116506', 'ecxsd2024004', '23040502', 7, 0, NULL, '2024-04-25 06:15:43'),
(317, '15', '121919', 'ECXSD2024007', '230629414', 3, 0, NULL, '2024-04-25 06:16:31'),
(318, '140', '121920', 'ECXSD2024057', '22062004', 3, 0, NULL, '2024-04-25 06:17:59'),
(319, '90', 'ESKP116508', 'ecxsd2024009', '22060603', 7, 0, NULL, '2024-04-25 06:18:10'),
(320, '25', '121924', 'ECXSD2024020', '22110713', 3, 0, NULL, '2024-04-25 06:26:22'),
(321, '25', '121926', 'ECXSD2024003', '22112303', 3, 0, NULL, '2024-04-25 06:28:56'),
(322, '30', '121930', 'ECXSD2024221', '22080101', 3, 0, NULL, '2024-04-25 06:37:02'),
(323, '31', 'ESKP116522', 'ecxsd2024171', '23021701', 7, 0, NULL, '2024-04-25 06:38:49'),
(324, '165', 'ESKP116523', 'ecxsd2024133', '230629500', 7, 0, NULL, '2024-04-25 06:45:54'),
(325, '80', 'ESKP116525', 'ecxsd2024154', '230629563', 7, 0, NULL, '2024-04-25 06:54:00'),
(326, '32', '121939', 'ECXSD2024198', '22042801 ', 3, 0, NULL, '2024-04-25 07:00:59'),
(327, '100', '121942', 'ECXSD2024170', '23010306', 3, 0, NULL, '2024-04-25 07:05:40'),
(328, '22.50', '121943', 'ECXSD2024145', '21111703', 3, 0, NULL, '2024-04-25 07:10:30'),
(329, '55', 'ESKP116540', 'ecxsd2024170', '23010306', 7, 0, NULL, '2024-04-25 07:15:27'),
(330, '42', '121946', 'ECXSD2024167', '21120604', 3, 0, NULL, '2024-04-25 07:18:36'),
(331, '101', 'ESKP116543', 'ecxsd2024092', '230629520', 7, 0, NULL, '2024-04-25 07:21:32'),
(332, '102', '121947', 'ECXSD2024075', '23011803', 3, 0, NULL, '2024-04-25 07:21:37'),
(333, '103', 'ESKP116544', 'ecxsd2024116', '22112501', 7, 0, NULL, '2024-04-25 07:24:32'),
(334, '47', '121949', 'ECXSD2024116', '22112501', 3, 0, NULL, '2024-04-25 07:27:54'),
(335, '2', '121950', 'ECXSD2024142', '23021507', 3, 0, NULL, '2024-04-25 07:29:42'),
(336, '25', '121954', 'ECXSD2024132', '23011813', 3, 0, NULL, '2024-04-25 07:34:47'),
(337, '117.50', '121955', 'ECXSD2024141', '22070703', 3, 0, NULL, '2024-04-25 07:37:14'),
(338, '15', '121959', 'ECXSD2024224', '230629482', 3, 0, NULL, '2024-04-25 07:43:39'),
(339, '22', 'ESKP116558', 'ecxsd2024168', '22053005', 7, 0, NULL, '2024-04-25 08:01:08'),
(340, '64', '121963', 'ECXSD2024225', '21111702', 3, 0, NULL, '2024-04-25 08:01:13'),
(341, '130', 'ESKP116559', 'ecxsd2024081', '230629547', 7, 0, NULL, '2024-04-25 08:10:04'),
(342, '122', 'ESKP116568', 'ecxsd2024163', '23011811', 7, 0, NULL, '2024-04-25 08:28:56'),
(343, '40', 'ESKP116569', 'ecxsd2024163', '23011811', 7, 0, NULL, '2024-04-25 08:30:49'),
(344, '40', 'ESKP116570', 'ecxsd2024082', '23021003', 7, 0, NULL, '2024-04-25 08:32:57'),
(345, '22', '121974', 'ECXSD2024014', '22053008', 3, 0, NULL, '2024-04-25 08:36:56'),
(346, '120', '121975', 'ECXSD2024108', '23021602', 3, 0, NULL, '2024-04-25 08:38:15'),
(347, '46', 'ESKP116579', 'ecxsd2024218', '23011804', 7, 0, NULL, '2024-04-25 09:05:52'),
(348, '65', 'ESKP116580', 'ecxsd2024177', '230629556', 7, 0, NULL, '2024-04-25 09:06:29'),
(349, '65', 'ESKP116583', 'ecxsd2024169', '230629647', 7, 0, NULL, '2024-04-25 09:08:55'),
(350, ' 50', 'ESKP116584', 'ecxsd2024203', '230629519', 7, 0, NULL, '2024-04-25 09:10:03'),
(351, '107', 'ESKP116588', 'ecxsd2024233', '230629646', 7, 0, NULL, '2024-04-25 09:18:17'),
(352, '90', '121987', 'ECXSD2024207', '230629402', 3, 0, NULL, '2024-04-25 09:19:09'),
(353, '110', '121988', 'ECXSD2024221', '22080101', 3, 0, NULL, '2024-04-25 09:22:45'),
(354, '230', 'ESKP116590', 'ecxsd2024155', '230629605', 7, 0, NULL, '2024-04-25 09:27:32'),
(355, '20', 'ESKP116591', 'ecxsd2024221', '22080101', 7, 0, NULL, '2024-04-25 09:30:05'),
(356, '20', '121990', 'ECXSD2024132', '23011813', 3, 0, NULL, '2024-04-25 09:32:29'),
(357, '56', 'ESKP116594', 'ecxsd2024167', '21120604', 7, 0, NULL, '2024-04-25 09:33:00'),
(358, '35', 'ESKP116595', 'ecxsd2024034', '230629553', 7, 0, NULL, '2024-04-25 09:33:36'),
(359, '81', '121992', 'ECXSD2024222', '230629574', 3, 0, NULL, '2024-04-25 09:38:01'),
(360, '105', 'ESKP116598', 'ecxsd2024158', '22062701', 7, 0, NULL, '2024-04-25 09:43:17'),
(361, '116', 'ESKP116608', 'ecxsd2024028', '230629526', 7, 0, NULL, '2024-04-25 10:01:04'),
(362, '40', 'ESKP116609', 'ecxsd2024130', '23030703', 7, 0, NULL, '2024-04-25 10:02:10'),
(363, '24', 'ESKP116611', 'ecxsd2024056', '230626403', 7, 0, NULL, '2024-04-25 10:05:03'),
(364, '110', 'ESKP116613', 'ecxsd2024170', '23010306', 7, 0, NULL, '2024-04-25 10:09:30'),
(365, '40', '122001', 'ECXSD2024132', '23011813', 3, 0, NULL, '2024-04-25 10:16:26'),
(366, '7', '122003', 'ECXSD2024145', '21111703', 3, 0, NULL, '2024-04-25 10:18:36'),
(367, '42', 'ESKP116622', 'ecxsd2024224', '230629482', 7, 0, NULL, '2024-04-25 10:26:42'),
(368, '62', 'ESKP116623', 'ecxsd2024035', '230629425', 7, 0, NULL, '2024-04-25 10:30:16'),
(369, '8', 'ESKP116624', 'ecxsd2024109', '23010314', 7, 0, NULL, '2024-04-25 10:47:17'),
(370, '70', 'ESKP116635', 'ecxsd2024175', '22110709', 7, 0, NULL, '2024-04-25 11:12:07'),
(371, '20', 'ESKP116636', 'ecxsd2024203', '230629519', 7, 0, NULL, '2024-04-25 11:12:44'),
(372, '82', 'ESKP116641', 'ecxsd2024073', '22072703', 7, 0, NULL, '2024-04-25 11:26:24'),
(373, '25', '122012', 'ECXSD2024014', '22053008', 3, 0, NULL, '2024-04-25 11:31:39'),
(374, '40', 'ESKP116643', 'ecxsd2024127', '23011602', 7, 0, NULL, '2024-04-25 11:33:16'),
(375, '40', 'ESKP116647', 'ecxsd2024008', '230629663', 7, 0, NULL, '2024-04-25 11:40:31'),
(376, '89', 'ESKP116648', 'ecxsd2024163', '23011811', 7, 0, NULL, '2024-04-25 11:41:22'),
(377, '5', 'ESKP116649', 'ecxsd2024094', '22052301', 7, 0, NULL, '2024-04-25 11:43:27'),
(378, '17', 'ESKP116651', 'ecxsd2024132', '23011813', 7, 0, NULL, '2024-04-25 11:47:23'),
(379, '60', '122015', 'ECSSD2024007', '230629410', 3, 0, NULL, '2024-04-26 03:37:03'),
(380, '98', 'eskp116659', 'ECXSD2024158', '22062701', 7, 0, NULL, '2024-04-26 03:41:58'),
(381, '25', '122020', 'ECXSD2024158', '22062701', 3, 0, NULL, '2024-04-26 03:44:48'),
(382, '83', 'eskp116660', 'ECSSD2024024', '230629510', 7, 0, NULL, '2024-04-26 03:45:07'),
(383, '82', 'eskp116662', 'ECXSD2024008', '230629663', 7, 0, NULL, '2024-04-26 03:50:26'),
(384, '25', '122022', 'ECXSD2024102', '230629576', 3, 0, NULL, '2024-04-26 03:52:01'),
(385, '75', 'eskp116663', 'ECXSD2024081', '230629547', 7, 0, NULL, '2024-04-26 03:52:24'),
(386, '25', '122023', 'ECXSD2024218', '23011804', 3, 0, NULL, '2024-04-26 03:53:39'),
(387, '234', 'eskp116664', 'ECXSD2024075', '23011803', 7, 0, NULL, '2024-04-26 03:54:22'),
(388, '262', 'eskp116665', 'ECXSD2024155', '230629605', 7, 0, NULL, '2024-04-26 03:58:20'),
(389, '52', 'eskp116666', 'ECXSD2024102', '230629576', 7, 0, NULL, '2024-04-26 03:59:36'),
(390, '25', '122029', 'ECXSD2024171', '23021701', 3, 0, NULL, '2024-04-26 04:02:46'),
(391, '17', 'eskp116669', 'ECXSD2024179', '23021504', 7, 0, NULL, '2024-04-26 04:03:28'),
(392, '50', 'eskp116670', 'ECXSD2024232', '230629559', 7, 0, NULL, '2024-04-26 04:05:04'),
(393, '139', 'eskp116671', 'ECXSD2024237', '23011808', 7, 0, NULL, '2024-04-26 04:07:16'),
(394, '135', 'eskp116672', 'ECXSD2024233', '230629646', 7, 0, NULL, '2024-04-26 04:09:25'),
(395, '25', '122034', 'ECXSD2024034', '230629553', 3, 0, NULL, '2024-04-26 04:13:22'),
(396, '35', '122036', 'ECXSD2024237', '23011808', 3, 0, NULL, '2024-04-26 04:18:35'),
(397, '30', 'eskp116674', 'ECXSD2024014', '22053008', 7, 0, NULL, '2024-04-26 04:19:08'),
(398, '150', 'eskp116675', 'ECXSD2024019', '21120605', 7, 0, NULL, '2024-04-26 04:23:17'),
(399, '232', '122038', 'ECXSD2024133', '230629500', 3, 0, NULL, '2024-04-26 04:29:37'),
(400, '32', '122040', 'ECXSD2024085', '230629426', 3, 0, NULL, '2024-04-26 04:33:19'),
(401, '87', 'eskp116683', 'ECXSD2024085', '230629426', 7, 0, NULL, '2024-04-26 04:38:51'),
(402, '44.50', '122042', 'ECXSD2024207', '230629402', 3, 0, NULL, '2024-04-26 05:00:54'),
(403, '70', '122046', 'ECXSD2024132', '23011813', 3, 0, NULL, '2024-04-26 05:04:11'),
(404, '95', '122047', 'ECXSD2024179', '23021504', 3, 0, NULL, '2024-04-26 05:06:02'),
(405, '120', '122049', 'ECXSD2024179', '23021504', 3, 0, NULL, '2024-04-26 05:08:37'),
(406, '90', '122051', 'ECXSD2024223', '22053007', 3, 0, NULL, '2024-04-26 05:18:47'),
(407, '20', 'eskp116693', 'ECXSD2024234', '23010309', 7, 0, NULL, '2024-04-26 05:25:42'),
(408, '99', 'eskp116694', 'ECXSD2024223', '22053007', 7, 0, NULL, '2024-04-26 05:27:16'),
(409, '14.50', '122055', 'ECXSD2024234', '23010309', 3, 0, NULL, '2024-04-26 05:27:26'),
(410, '52', '122056', 'ECXSD2024218', '23011804', 3, 0, NULL, '2024-04-26 05:29:22'),
(411, '119.50', '122060', 'ECXSD2024034', '230629553', 3, 0, NULL, '2024-04-26 05:34:56'),
(412, '144', '122061', 'ECXSD2024185', '230629572', 3, 0, NULL, '2024-04-26 05:37:34'),
(413, '140', 'eskp116699', 'ECXSD2024226', '22042202', 7, 0, NULL, '2024-04-26 05:41:35'),
(414, '10', '122064', 'ECSTXSD2024003', '230629408', 3, 0, NULL, '2024-04-26 05:42:24'),
(415, '25', '122065', 'ECSTXSD2024003', '230629408', 3, 0, NULL, '2024-04-26 05:43:21'),
(416, '10', '122066', 'ECSTXSD2024008', '230629430', 3, 0, NULL, '2024-04-26 05:45:46'),
(417, '75', '122067', 'ECSTXSD2024008', '230629430', 3, 0, NULL, '2024-04-26 05:46:47'),
(418, '15', 'eskp116703', 'ECXSD2024087', '22072704', 7, 0, NULL, '2024-04-26 05:47:58'),
(419, '64', '122068', 'ECXSD2024108', '23021602', 3, 0, NULL, '2024-04-26 05:48:42'),
(420, '82', '122069', 'ECXSD2024041', '230626405', 3, 0, NULL, '2024-04-26 05:49:47'),
(421, '29', 'eskp116705', 'ECXSD2024142', '23021507', 7, 0, NULL, '2024-04-26 05:50:46'),
(422, '20', 'eskp116706', 'ECXSD2024171', '23021701', 7, 0, NULL, '2024-04-26 05:53:24'),
(423, '32', 'eskp116707', 'ECXSD2024203', '230629519', 7, 0, NULL, '2024-04-26 05:54:48'),
(424, '40', 'eskp116708', 'ECXSD2024175', '22110709', 7, 0, NULL, '2024-04-26 05:57:42'),
(425, '25', '122070', 'ECXSD2024175', '22110709', 3, 0, NULL, '2024-04-26 05:58:35'),
(426, '99', 'ESKP116710', 'ECXSD2024202', '230629571', 7, 0, NULL, '2024-04-26 06:05:47'),
(427, '40', 'ESKP116711', 'ecxsd2024008', '230629663', 7, 0, NULL, '2024-04-26 06:07:14'),
(428, '52', '122074', 'ECXSD2024198', '22042801 ', 3, 0, NULL, '2024-04-26 06:07:54'),
(429, '22.50', '122075', 'ECXSD2024047', '23030701', 3, 0, NULL, '2024-04-26 06:09:03'),
(430, '44', '122077', 'ECXSD2024007', '230629414', 3, 0, NULL, '2024-04-26 06:11:07'),
(431, '11', 'ESKP116713', 'ecxsd2024159', '22112801', 7, 0, NULL, '2024-04-26 06:12:29'),
(432, '74', '122081', 'ECSTXSD2024002', '22110901', 3, 0, NULL, '2024-04-26 06:15:32'),
(433, '141', 'ESKP116717', 'ecxsd2024061', '230629569', 7, 0, NULL, '2024-04-26 06:26:17'),
(434, '167', '122086', 'ECXSD2024126', '22032804', 3, 0, NULL, '2024-04-26 06:31:09'),
(435, '41', 'ESKP116719', 'ecxsd2024009', '22060603', 7, 0, NULL, '2024-04-26 06:31:27'),
(436, '15', '122087', 'ECXSD2024163', '23011811', 3, 0, NULL, '2024-04-26 06:32:24'),
(437, '100', '122088', 'ECXSD2024170', '23010306', 3, 0, NULL, '2024-04-26 06:36:06'),
(438, '82', '122089', 'ECXSD2024102', '230629576', 3, 0, NULL, '2024-04-26 06:37:20'),
(439, '39', '122092', 'ECXSD2024053', '23030606', 3, 0, NULL, '2024-04-26 06:39:56'),
(440, '60', 'ESKP116722', 'ecxsd2024133', '230629500', 7, 0, NULL, '2024-04-26 06:41:45'),
(441, '25', '122094', 'ECXSD2024170', '23010306', 3, 0, NULL, '2024-04-26 06:43:22'),
(442, '15', '122095', 'ECXSD2024170', '23010306', 3, 0, NULL, '2024-04-26 06:43:50'),
(443, '162', 'ESKP116725', 'ecxsd2024004', '23040502', 7, 0, NULL, '2024-04-26 06:46:20'),
(444, '65', 'ESKP116727', 'ecxsd2024003', '22112303', 7, 0, NULL, '2024-04-26 06:52:29'),
(445, '56', 'ESKP116731', 'ecxsd2024155', '230629605', 7, 0, NULL, '2024-04-26 07:02:52'),
(446, '64', 'ESKP116735', 'ecxsd2024212', '22110712', 7, 0, NULL, '2024-04-26 07:09:24'),
(447, '30', '122104', 'ECXSD2024034', '230629553', 3, 0, NULL, '2024-04-26 07:16:32'),
(448, '129', 'ESKP116740', 'ecxsd2024071', '22030601', 7, 0, NULL, '2024-04-26 07:17:55'),
(449, '47', 'ESKP116741', 'ecxsd2024071', '22030601', 7, 0, NULL, '2024-04-26 07:19:26'),
(450, '40', '122106', 'ECXSD2024148', '22090601', 3, 0, NULL, '2024-04-26 07:19:33'),
(451, '55', 'ESKP116742', 'ecxsd2024028', '230629526', 7, 0, NULL, '2024-04-26 07:20:19'),
(452, '55', 'ESKP116747', 'ecxsd2024230', '230629529', 7, 0, NULL, '2024-04-26 07:25:57'),
(453, '154', 'ESKP116749', 'ecxsd2024017', '230629545', 7, 0, NULL, '2024-04-26 07:30:15'),
(454, '20', '122107', 'ECXSD2024132', '23011813', 3, 0, NULL, '2024-04-26 07:31:27'),
(455, '70', '122109', 'ECXSD2024163', '23011811', 3, 0, NULL, '2024-04-26 07:34:49'),
(456, '26', 'ESKP116753', 'ecxsd2024092', '230629520', 7, 0, NULL, '2024-04-26 07:35:54'),
(457, '38', 'ESKP116760', 'ecxsd2024171', '23021701', 7, 0, NULL, '2024-04-26 07:50:52'),
(458, '25', '122116', 'ECXSD2024168', '22053005', 3, 0, NULL, '2024-04-26 08:01:30'),
(459, '22', '122117', 'ECXSD2024014', '22053008', 3, 0, NULL, '2024-04-26 08:06:35'),
(460, '10', 'ESKP116768', 'ecxsd2024082', '23021003', 7, 0, NULL, '2024-04-26 08:07:09'),
(461, '65', 'ESKP116769', 'ecxsd2024029', '230629653', 7, 0, NULL, '2024-04-26 08:09:08'),
(462, '220', 'ESKP116773', 'ecxsd2024197', '230629522', 7, 0, NULL, '2024-04-26 08:18:45'),
(463, '25', '122123', 'ECXSD2024167', '21120604', 3, 0, NULL, '2024-04-26 08:20:14'),
(464, '117.5', '122125', 'ECXSD2024141', '22070703', 3, 0, NULL, '2024-04-26 08:22:17'),
(465, '120', '122126', 'ECXSD2024075', '23011803', 3, 0, NULL, '2024-04-26 08:23:47'),
(466, '25', '122127', 'ECXSD2024221', '22080101', 3, 0, NULL, '2024-04-26 08:24:26'),
(467, '20', 'ESKP116778', 'ecxsd2024224', '230629482', 7, 0, NULL, '2024-04-26 08:27:12'),
(468, '20', 'ESKP116779', 'ecxsd2024164', '230629477', 7, 0, NULL, '2024-04-26 08:29:16'),
(469, '64', '122129', 'ECXSD2024225', '21111702', 3, 0, NULL, '2024-04-26 08:29:17'),
(470, '20', '122130', 'ECXSD2024225', '21111702', 3, 0, NULL, '2024-04-26 08:29:49'),
(471, '12', '122131', 'ECXSD2024164', '230629477', 3, 0, NULL, '2024-04-26 08:30:43'),
(472, '101', 'ESKP116784', 'ecxsd2024035', '230629425', 7, 0, NULL, '2024-04-26 08:38:29'),
(473, '85', 'ESKP116788', 'ecxsd2024171', '23021701', 7, 0, NULL, '2024-04-26 08:50:17'),
(474, '70', '122140', 'ECXSD2024073', '22072703', 3, 0, NULL, '2024-04-26 08:54:49'),
(475, '5', '122142', 'ECXSD2024073', '22072703', 3, 0, NULL, '2024-04-26 08:56:12'),
(476, '25', '122144', 'ECXSD2024076', '230629566', 3, 0, NULL, '2024-04-26 08:59:33'),
(477, '66', 'ESKP116791', 'ecxsd2024180', '230629558', 7, 0, NULL, '2024-04-26 09:06:34'),
(478, '50', 'ESKP116794', 'ecxsd2024203', '230629519', 7, 0, NULL, '2024-04-26 09:07:30'),
(479, '70', 'ESKP116798', 'ecxsd2024024', '230629662', 7, 0, NULL, '2024-04-26 09:13:00'),
(480, '30', 'ESKP116802', 'ecxsd2024034', '230629553', 7, 0, NULL, '2024-04-26 09:16:48'),
(481, '42', 'ESKP116812', 'ecxsd2024224', '230629482', 7, 0, NULL, '2024-04-26 09:53:02'),
(482, '386', 'ESKP116816', 'ecxsd2024172', '230629481', 7, 0, NULL, '2024-04-26 10:02:13'),
(483, '60', '122152', 'ECXSD2024132', '23011813', 3, 0, NULL, '2024-04-26 10:06:03'),
(484, '55', 'ESKP116820', 'ecxsd2024016', '230629657', 7, 0, NULL, '2024-04-26 10:15:41'),
(485, '85', '122158', 'ECXSD2024175', '22110709', 3, 0, NULL, '2024-04-26 10:17:40'),
(486, '55', 'ESKP116822', 'ecxsd2024163', '23011811', 7, 0, NULL, '2024-04-26 10:19:14'),
(487, '72', 'ESKP116823', 'ecxsd2024185', '230629572', 7, 0, NULL, '2024-04-26 10:21:04'),
(488, '139', 'ESKP116824', 'ecxsd2024179', '23021504', 7, 0, NULL, '2024-04-26 10:24:53'),
(489, '110', 'ESKP116826', 'ecxsd2024196', '22110711', 7, 0, NULL, '2024-04-26 10:27:37'),
(490, '99', 'ESKP116827', 'ecxsd2024061', '230629569', 7, 0, NULL, '2024-04-26 10:28:37'),
(491, '21', 'ESKP116831', 'ecxsd2024145', '21111703', 7, 0, NULL, '2024-04-26 10:36:22'),
(492, '75', 'ESKP116832', 'ecxsd2024170', '23010306', 7, 0, NULL, '2024-04-26 10:38:04'),
(493, '65', 'ESKP116833', 'ecxsd2024133', '230629500', 7, 0, NULL, '2024-04-26 10:39:11'),
(494, '34', 'ESKP116839', 'ecxsd2024158', '22062701', 7, 0, NULL, '2024-04-26 10:50:20'),
(495, '284', 'ESKP116841', 'ecxsd2024221', '22080101', 7, 0, NULL, '2024-04-26 10:55:14'),
(496, '65', 'ESKP116842', 'ecxsd2024053', '23030606', 7, 0, NULL, '2024-04-26 10:57:33'),
(497, '20', 'ESKP116843', 'ecxsd2024130', '23030703', 7, 0, NULL, '2024-04-26 10:59:30'),
(498, '35', 'ESKP116844', 'ecxsd2024145', '21111703', 7, 0, NULL, '2024-04-26 11:00:40'),
(499, '20', 'ESKP116848', 'ecxsd2024029', '230629653', 7, 0, NULL, '2024-04-26 11:06:37'),
(500, '134', 'ESKP116849', 'ecxsd2024203', '230629519', 7, 0, NULL, '2024-04-26 11:09:16'),
(501, '58', 'ESKP116853', 'ecxsd2024071', '22030601', 7, 0, NULL, '2024-04-26 11:19:21'),
(502, '239', 'ESKP116856', 'ecxsd2024108', '23021602', 7, 0, NULL, '2024-04-26 11:37:32'),
(503, '87', 'ESKP116859', 'ecxsd2024223', '22053007', 7, 0, NULL, '2024-04-26 11:42:24'),
(504, '30', 'ESKP116862', 'ecxsd2024148', '22090601', 7, 0, NULL, '2024-04-26 11:45:25'),
(505, '81', 'ESKP116863', 'ecxsd2024229', '22111415', 7, 0, NULL, '2024-04-26 11:47:13'),
(506, '30', 'ESKP116864', 'ecxsd2024218', '23011804', 7, 0, NULL, '2024-04-26 11:47:55'),
(507, '54', 'ESKP116865', 'ecxsd2024163', '23011811', 7, 0, NULL, '2024-04-26 11:48:44');

-- --------------------------------------------------------

--
-- Table structure for table `claims`
--

CREATE TABLE `claims` (
  `id` int(11) NOT NULL,
  `owner_id` varchar(255) DEFAULT NULL,
  `coupon_id` varchar(255) DEFAULT NULL,
  `admin_id` int(11) DEFAULT NULL,
  `claim_date` timestamp NOT NULL DEFAULT current_timestamp(),
  `claim_end_date` datetime DEFAULT NULL,
  `remarks` varchar(255) DEFAULT NULL
) ENGINE=InnoDB DEFAULT CHARSET=utf8mb4 COLLATE=utf8mb4_general_ci;

--
-- Dumping data for table `claims`
--

INSERT INTO `claims` (`id`, `owner_id`, `coupon_id`, `admin_id`, `claim_date`, `claim_end_date`, `remarks`) VALUES
(1, '22030106', 'ECXFS2024015', 4, '2024-04-22 06:38:38', '2024-04-23 04:00:00', 'claimed'),
(2, '23011602', 'ECXFS2024127', 4, '2024-04-22 06:50:52', '2024-04-23 04:00:00', 'claimed'),
(3, '230629446', 'ECXFS2024059', 4, '2024-04-22 06:52:20', '2024-04-23 04:00:00', 'claimed'),
(4, '22110201', 'ECXFS2024147', 4, '2024-04-22 06:53:39', '2024-04-23 04:00:00', 'claimed'),
(5, '23021504', 'ECXFS2024179', 3, '2024-04-22 07:18:01', '2024-04-23 04:00:00', 'claimed'),
(6, '23021701', 'ECXFS2024171', 4, '2024-04-22 07:23:25', '2024-04-23 04:00:00', 'claimed'),
(7, '22112501', 'ECXFS2024116', 4, '2024-04-22 07:25:25', '2024-04-23 04:00:00', 'claimed'),
(8, '22072704', 'ECXFS2024087', 3, '2024-04-22 07:29:33', '2024-04-23 04:00:00', 'claimed'),
(9, '23010309', 'ECXFS2024234', 3, '2024-04-22 07:46:57', '2024-04-23 04:00:00', 'claimed'),
(10, '23040503', 'ECXFS2024045', 3, '2024-04-22 07:48:22', '2024-04-23 04:00:00', 'claimed'),
(11, '23011804', 'ECXFS2024218', 3, '2024-04-22 07:55:58', '2024-04-23 04:00:00', 'claimed'),
(12, '23011803', 'ECXFS2024075', 4, '2024-04-22 08:00:53', '2024-04-23 04:00:00', 'claimed'),
(13, '22110709', 'ECXFS2024175', 3, '2024-04-22 08:02:37', '2024-04-23 04:00:00', 'claimed'),
(14, '23011812', 'ECXFS2024189', 3, '2024-04-22 08:04:02', '2024-04-23 04:00:00', 'claimed'),
(15, '22053008', 'ECXFS2024014', 3, '2024-04-22 08:05:38', '2024-04-23 04:00:00', 'claimed'),
(16, '21111702', 'ECXFS2024225', 3, '2024-04-22 08:08:26', '2024-04-23 04:00:00', 'claimed'),
(17, '230626406', 'ECXFS2024191', 4, '2024-04-22 08:09:56', '2024-04-23 04:00:00', 'claimed'),
(18, '23010306', 'ECXFS2024170', 3, '2024-04-22 08:10:38', '2024-04-23 04:00:00', 'claimed'),
(19, '22012103', 'ECXFS2024219', 3, '2024-04-22 08:11:47', '2024-04-23 04:00:00', 'claimed'),
(20, '22012102', 'ECXFS2024151', 3, '2024-04-22 08:12:48', '2024-04-23 04:00:00', 'claimed'),
(21, '22112306', 'ECXFS2024118', 3, '2024-04-22 08:15:07', '2024-04-23 04:00:00', 'claimed'),
(22, '230629426', 'ECXFS2024085', 4, '2024-04-22 08:15:19', '2024-04-23 04:00:00', 'claimed'),
(23, '22062701', 'ECXFS2024158', 4, '2024-04-22 08:18:25', '2024-04-23 04:00:00', 'claimed'),
(24, '22042801', 'ECXFS2024198', 3, '2024-04-22 08:19:45', '2024-04-23 04:00:00', 'claimed'),
(25, '230729521', 'ECXFS2024166', 4, '2024-04-22 08:21:18', '2024-04-23 04:00:00', 'claimed'),
(26, '22052301', 'ECXFS2024094', 3, '2024-04-22 08:22:16', '2024-04-23 04:00:00', 'claimed'),
(27, '22032110', 'ECXFS2024152', 4, '2024-04-22 08:23:09', '2024-04-23 04:00:00', 'claimed'),
(28, '21120605', 'ECXFS2024019', 4, '2024-04-22 08:26:07', '2024-04-23 04:00:00', 'claimed'),
(29, '22030601', 'ECXFS2024071', 4, '2024-04-22 08:31:07', '2024-04-23 04:00:00', 'claimed'),
(30, '23010314', 'ECXFS2024109', 4, '2024-04-22 08:33:47', '2024-04-23 04:00:00', 'claimed'),
(31, '23011809', 'ECXFS2024046', 4, '2024-04-22 08:37:18', '2024-04-23 04:00:00', 'claimed'),
(32, '22070701', 'ECXFS2024023', 3, '2024-04-22 08:37:25', '2024-04-23 04:00:00', 'claimed'),
(33, '22070702', 'ECXFS2024044', 3, '2024-04-22 08:38:51', '2024-04-23 04:00:00', 'claimed'),
(34, '22053007', 'ECXFS2024223', 4, '2024-04-22 08:39:15', '2024-04-23 04:00:00', 'claimed'),
(35, '23011811', 'ECXFS2024163', 4, '2024-04-22 08:41:25', '2024-04-23 04:00:00', 'claimed'),
(36, '22110704', 'ECXFS2024025', 4, '2024-04-22 08:44:40', '2024-04-23 04:00:00', 'claimed'),
(37, '21111103', 'ECXFS2024078', 3, '2024-04-22 08:46:12', '2024-04-23 04:00:00', 'claimed'),
(38, '22111419', 'ECXFS2024110', 4, '2024-04-22 08:47:18', '2024-04-23 04:00:00', 'claimed'),
(39, '230629454', 'ECXFS2024210', 4, '2024-04-22 08:49:13', '2024-04-23 04:00:00', 'claimed'),
(40, '23021006', 'ECXFS2024200', 4, '2024-04-22 08:51:11', '2024-04-23 04:00:00', 'claimed'),
(41, '22112303', 'ECXFS2024003', 4, '2024-04-22 08:52:55', '2024-04-23 04:00:00', 'claimed'),
(42, '22111418', 'ECXFS2024137', 3, '2024-04-22 08:54:03', '2024-04-23 04:00:00', 'claimed'),
(43, '22110713', 'ECXFS2024020', 4, '2024-04-22 08:54:35', '2024-04-23 04:00:00', 'claimed'),
(44, '23021602', 'ECXFS2024108', 3, '2024-04-22 08:54:41', '2024-04-23 04:00:00', 'claimed'),
(45, '23010307', 'ECXFS2024062', 3, '2024-04-22 08:55:34', '2024-04-23 04:00:00', 'claimed'),
(46, '23021003', 'ECXFS2024082', 3, '2024-04-22 08:56:51', '2024-04-23 04:00:00', 'claimed'),
(47, '23030606', 'ECXFS2024053', 4, '2024-04-22 08:57:26', '2024-04-23 04:00:00', 'claimed'),
(48, '22112402', 'ECXFS2024031', 4, '2024-04-22 09:02:26', '2024-04-23 04:00:00', 'claimed'),
(49, '22112401', 'ECXFS2024072', 4, '2024-04-22 09:04:00', '2024-04-23 04:00:00', 'claimed'),
(50, '23021502', 'ECXFS2024205', 4, '2024-04-22 09:05:32', '2024-04-23 04:00:00', 'claimed'),
(51, '22111423', 'ECXFS2024106', 4, '2024-04-22 09:06:26', '2024-04-23 04:00:00', 'claimed'),
(52, '22111414', 'ECXFS2024005', 3, '2024-04-22 09:10:38', '2024-04-23 04:00:00', 'claimed'),
(53, '23011813', 'ECXFS2024132', 3, '2024-04-22 09:10:59', '2024-04-23 04:00:00', 'claimed'),
(54, '23040502', 'ECXFS2024004', 4, '2024-04-22 09:18:29', '2024-04-23 04:00:00', 'claimed'),
(55, '22072703', 'ECXFS2024073', 3, '2024-04-22 09:23:45', '2024-04-23 04:00:00', 'claimed'),
(56, '22080101', 'ECXFS2024221', 4, '2024-04-22 09:24:54', '2024-04-23 04:00:00', 'claimed'),
(57, '22110712', 'ECXFS2024212', 3, '2024-04-22 09:28:06', '2024-04-23 04:00:00', 'claimed'),
(58, '230629456', 'ECXFS2024113', 4, '2024-04-22 09:28:19', '2024-04-23 04:00:00', 'claimed'),
(59, '22090902', 'ECXFS2024077', 4, '2024-04-22 09:29:11', '2024-04-23 04:00:00', 'claimed'),
(60, '230629311', 'ECXFS2024160', 4, '2024-04-22 09:31:03', '2024-04-23 04:00:00', 'claimed'),
(61, '22110711', 'ECXFS2024196', 4, '2024-04-22 09:33:01', '2024-04-23 04:00:00', 'claimed'),
(62, '230629457', 'ECXFS2024043', 3, '2024-04-22 09:34:39', '2024-04-23 04:00:00', 'claimed'),
(63, '22110717', 'ECXFS2024001', 4, '2024-04-22 09:35:11', '2024-04-23 04:00:00', 'claimed'),
(64, '230629455', 'ECXFS2024144', 4, '2024-04-22 09:38:27', '2024-04-23 04:00:00', 'claimed'),
(65, '22060603', 'ECXFS2024009', 4, '2024-04-22 09:41:08', '2024-04-23 04:00:00', 'claimed'),
(66, '22122103', 'ECXFS2024063', 4, '2024-04-22 09:42:02', '2024-04-23 04:00:00', 'claimed'),
(67, '22111417', 'ECXFS2024213', 4, '2024-04-22 09:43:06', '2024-04-23 04:00:00', 'claimed'),
(68, '21120602', 'ECXFS2024060', 3, '2024-04-22 09:51:06', '2024-04-23 04:00:00', 'claimed'),
(69, '22112102', 'ECXFS2024013', 4, '2024-04-22 09:52:00', '2024-04-23 04:00:00', 'claimed'),
(70, '230629402', 'ECXFS2024207', 3, '2024-04-22 09:55:26', '2024-04-23 04:00:00', 'claimed'),
(71, '22090502', 'ECXFS2024162', 4, '2024-04-22 09:55:34', '2024-04-23 04:00:00', 'claimed'),
(72, '22070703', 'ECXFS2024141', 3, '2024-04-22 09:58:06', '2024-04-23 04:00:00', 'claimed'),
(73, '22032801', 'ECXFS2024123', 4, '2024-04-22 09:59:20', '2024-04-23 04:00:00', 'claimed'),
(74, '23010316', 'ECXFS2024021', 4, '2024-04-22 10:01:48', '2024-04-23 04:00:00', 'claimed'),
(75, '22042701', 'ECXFS2024012', 4, '2024-04-22 10:11:08', '2024-04-23 04:00:00', 'claimed'),
(76, '21120604', 'ECXFS2024167', 3, '2024-04-22 10:11:51', '2024-04-23 04:00:00', 'claimed'),
(77, '23010308', 'ECXFS2024027', 4, '2024-04-22 10:12:30', '2024-04-23 04:00:00', 'claimed'),
(78, '230627422', 'ECXFS2024065', 3, '2024-04-22 10:14:03', '2024-04-23 04:00:00', 'claimed'),
(79, '230626403', 'ECXFS2024056', 4, '2024-04-22 10:14:47', '2024-04-23 04:00:00', 'claimed'),
(80, '22110718', 'ECXFS2024194', 4, '2024-04-22 10:16:08', '2024-04-23 04:00:00', 'claimed'),
(81, '23030603', 'ECXFS2024049', 4, '2024-04-22 10:19:49', '2024-04-23 04:00:00', 'claimed'),
(82, '22090601', 'ECXFS2024148', 3, '2024-04-22 10:24:04', '2024-04-23 04:00:00', 'claimed'),
(83, '23021506', 'ECXFS2024184', 4, '2024-04-22 10:24:18', '2024-04-23 04:00:00', 'claimed'),
(84, '22032806', 'ECXFS2024135', 4, '2024-04-22 10:29:15', '2024-04-23 04:00:00', 'claimed'),
(85, '22032103', 'ECXFS2024080', 4, '2024-04-22 10:32:13', '2024-04-23 04:00:00', 'claimed'),
(86, '23033001', 'ECXFS2024032', 4, '2024-04-22 10:42:29', '2024-04-23 04:00:00', 'claimed'),
(87, '23030107', 'ECXFS2024104', 4, '2024-04-22 10:43:14', '2024-04-23 04:00:00', 'claimed'),
(88, '22070403', 'ECXFS2024217', 4, '2024-04-22 10:45:51', '2024-04-23 04:00:00', 'claimed'),
(89, '220660604', 'ECXFS2024173', 4, '2024-04-22 10:47:21', '2024-04-23 04:00:00', 'claimed'),
(90, '23021403', 'ECXFS2024069', 4, '2024-04-22 10:49:51', '2024-04-23 04:00:00', 'claimed'),
(91, '21111703', 'ECXFS2024145', 4, '2024-04-22 10:52:30', '2024-04-23 04:00:00', 'claimed'),
(92, '22062004', 'ECXFS2024057', 4, '2024-04-22 10:53:20', '2024-04-23 04:00:00', 'claimed'),
(93, '23021004', 'ECXFS2024174', 4, '2024-04-22 10:53:53', '2024-04-23 04:00:00', 'claimed'),
(94, '22060602', 'ECXFS2024084', 4, '2024-04-22 10:54:43', '2024-04-23 04:00:00', 'claimed'),
(95, '22122106', 'ECXFS2024124', 4, '2024-04-22 10:55:36', '2024-04-23 04:00:00', 'claimed'),
(96, '22062003', 'ECXFS2024183', 4, '2024-04-22 10:58:13', '2024-04-23 04:00:00', 'claimed'),
(97, '230629458', 'ECXFS2024134', 4, '2024-04-22 10:59:33', '2024-04-23 04:00:00', 'claimed'),
(98, '22110720', 'ECXFS2024058', 4, '2024-04-22 11:03:35', '2024-04-23 04:00:00', 'claimed'),
(99, '23030703', 'ECXFS2024130', 4, '2024-04-22 11:07:23', '2024-04-23 04:00:00', 'claimed'),
(100, '22111411', 'ECXFS2024138', 4, '2024-04-22 11:08:41', '2024-04-23 04:00:00', 'claimed'),
(101, '22053002', 'ECXFS2024037', 4, '2024-04-22 11:09:38', '2024-04-23 04:00:00', 'claimed'),
(102, '22053005', 'ECXFS2024168', 4, '2024-04-22 11:10:59', '2024-04-23 04:00:00', 'claimed'),
(103, '22111415', 'ECXFS2024229', 4, '2024-04-22 11:17:41', '2024-04-23 04:00:00', 'claimed'),
(104, '230629494', 'ECXFS2024040', 4, '2024-04-22 11:26:31', '2024-04-23 04:00:00', 'claimed'),
(105, '21093001', 'ECXFS2024052', 3, '2024-04-22 11:28:30', '2024-04-23 04:00:00', 'claimed'),
(106, '230629479', 'ECXFS2024097', 4, '2024-04-22 11:32:24', '2024-04-23 04:00:00', 'claimed'),
(107, '23030701', 'ECXFS2024047', 4, '2024-04-22 11:34:25', '2024-04-23 04:00:00', 'claimed'),
(108, '22112801', 'ECXFS2024159', 4, '2024-04-22 11:36:04', '2024-04-23 04:00:00', 'claimed'),
(109, '22060101', 'ECXFS2024181', 4, '2024-04-22 11:38:25', '2024-04-23 04:00:00', 'claimed'),
(110, '230629413', 'ECXFS2024064', 3, '2024-04-22 11:40:34', '2024-04-23 04:00:00', 'claimed'),
(111, '22110715', 'ECXFS2024090', 4, '2024-04-22 11:40:35', '2024-04-23 04:00:00', 'claimed'),
(112, '22053001', 'ECXFS2024100', 4, '2024-04-22 11:42:30', '2024-04-23 04:00:00', 'claimed'),
(113, '230629425', 'ECXFS2024035', 4, '2024-04-22 11:45:17', '2024-04-23 04:00:00', 'claimed'),
(114, '230629414', 'ECXFS2024007', 4, '2024-04-22 11:46:20', '2024-04-23 04:00:00', 'claimed'),
(115, '230629418', 'ECXFS2024036', 4, '2024-04-22 11:50:14', '2024-04-23 04:00:00', 'claimed'),
(116, '23021001', 'ECXFS2024079', 4, '2024-04-22 11:55:08', '2024-04-23 04:00:00', 'claimed'),
(117, '22042202', 'ECXFS2024226', 3, '2024-04-23 05:02:14', '2024-04-23 04:00:00', 'claimed'),
(118, '23021507', 'ECXFS2024142', 3, '2024-04-23 05:21:11', '2024-04-23 04:00:00', 'claimed'),
(119, '230626405', 'ECXFS2024041', 3, '2024-04-23 05:23:41', '2024-04-23 04:00:00', 'claimed'),
(120, '230629408', 'ECSTXFS2024003', 3, '2024-04-23 05:30:18', '2024-04-23 23:59:59', 'claimed'),
(121, '230629430', 'ECSTXFS2024008', 3, '2024-04-23 05:34:21', '2024-04-23 23:59:59', 'claimed'),
(122, '22112501', 'ECXFS2024116', 3, '2024-04-23 05:51:51', '2024-04-23 04:00:00', 'claimed'),
(123, '23030703', 'ECXFS2024130', 3, '2024-04-23 06:01:20', '2024-04-24 04:00:00', 'claimed'),
(124, '22111417', 'ECXFS2024213', 3, '2024-04-23 06:01:56', '2024-04-24 04:00:00', 'claimed'),
(125, '22042801', 'ECXFS2024198', 3, '2024-04-23 06:02:39', '2024-04-24 04:00:00', 'claimed'),
(126, '230629414', 'ECXFS2024007', 3, '2024-04-23 06:08:11', '2024-04-24 04:00:00', 'claimed'),
(127, '230629418', 'ECXFS2024036', 3, '2024-04-23 06:09:33', '2024-04-24 04:00:00', 'claimed'),
(128, '22112801', 'ECXFS2024159', 3, '2024-04-23 06:10:41', '2024-04-24 04:00:00', 'claimed'),
(129, '22053001', 'ECXFS2024100', 3, '2024-04-23 06:11:49', '2024-04-24 04:00:00', 'claimed'),
(130, '23030701', 'ECXFS2024047', 4, '2024-04-23 06:14:13', '2024-04-24 04:00:00', 'claimed'),
(131, '22060603', 'ECXFS2024009', 3, '2024-04-23 06:15:29', '2024-04-24 04:00:00', 'claimed'),
(132, '22111423', 'ECXFS2024106', 4, '2024-04-23 06:17:05', '2024-04-24 04:00:00', 'claimed'),
(133, '22110201', 'ECXFS2024147', 3, '2024-04-23 06:17:33', '2024-04-24 04:00:00', 'claimed'),
(134, '23021502', 'ECXFS2024205', 4, '2024-04-23 06:18:21', '2024-04-24 04:00:00', 'claimed'),
(135, '23021602', 'ECXFS2024108', 3, '2024-04-23 06:20:30', '2024-04-24 04:00:00', 'claimed'),
(136, '23011602', 'ECXFS2024127', 4, '2024-04-23 06:20:30', '2024-04-24 04:00:00', 'claimed'),
(137, '230629446', 'ECXFS2024059', 4, '2024-04-23 06:23:30', '2024-04-24 04:00:00', 'claimed'),
(138, '22111414', 'ECXFS2024005', 3, '2024-04-23 06:27:21', '2024-04-24 04:00:00', 'claimed'),
(139, '23040502', 'ECXFS2024004', 3, '2024-04-23 06:28:01', '2024-04-24 04:00:00', 'claimed'),
(140, '23021504', 'ECXFS2024179', 3, '2024-04-23 06:29:35', '2024-04-24 04:00:00', 'claimed'),
(141, '230629458', 'ECXFS2024134', 3, '2024-04-23 06:31:29', '2024-04-24 04:00:00', 'claimed'),
(142, '23021006', 'ECXFS2024200', 4, '2024-04-23 06:33:20', '2024-04-24 04:00:00', 'claimed'),
(143, '23030606', 'ECXFS2024053', 4, '2024-04-23 06:34:34', '2024-04-24 04:00:00', 'claimed'),
(144, '22072704', 'ECXFS2024087', 3, '2024-04-23 06:37:24', '2024-04-24 04:00:00', 'claimed'),
(145, '22110715', 'ECXFS2024090', 4, '2024-04-23 06:40:16', '2024-04-24 04:00:00', 'claimed'),
(146, '23011804', 'ECXFS2024218', 3, '2024-04-23 06:40:37', '2024-04-24 04:00:00', 'claimed'),
(147, '23011812', 'ECXFS2024189', 4, '2024-04-23 06:41:31', '2024-04-24 04:00:00', 'claimed'),
(148, '230629311', 'ECXFS2024160', 4, '2024-04-23 06:44:33', '2024-04-24 04:00:00', 'claimed'),
(149, '22110718', 'ECXFS2024194', 3, '2024-04-23 06:44:46', '2024-04-24 04:00:00', 'claimed'),
(150, '22112401', 'ECXFS2024072', 3, '2024-04-23 06:47:28', '2024-04-24 04:00:00', 'claimed'),
(151, '22110901', 'ECSTXFS2024002', 3, '2024-04-23 06:48:41', '2024-04-23 23:59:59', 'claimed'),
(152, '230629406', 'ECSTXFS2024006', 3, '2024-04-23 06:52:00', '2024-04-23 23:59:59', 'claimed'),
(153, '22042701', 'ECXFS2024012', 4, '2024-04-23 06:53:34', '2024-04-24 04:00:00', 'claimed'),
(154, '21093001', 'ECXFS2024052', 3, '2024-04-23 06:54:05', '2024-04-24 04:00:00', 'claimed'),
(155, '22112402', 'ECXFS2024031', 4, '2024-04-23 06:55:01', '2024-04-24 04:00:00', 'claimed'),
(156, '23010306', 'ECXFS2024170', 3, '2024-04-23 06:58:45', '2024-04-24 04:00:00', 'claimed'),
(157, '22070403', 'ECXFS2024217', 4, '2024-04-23 06:58:48', '2024-04-24 04:00:00', 'claimed'),
(158, '23021003', 'ECXFS2024082', 4, '2024-04-23 07:02:08', '2024-04-24 04:00:00', 'claimed'),
(159, '22110712', 'ECXFS2024212', 4, '2024-04-23 07:04:32', '2024-04-24 04:00:00', 'claimed'),
(160, '230626406', 'ECXFS2024191', 4, '2024-04-23 07:06:54', '2024-04-24 04:00:00', 'claimed'),
(161, '22062003', 'ECXFS2024183', 3, '2024-04-23 07:08:45', '2024-04-24 04:00:00', 'claimed'),
(162, '23010309', 'ECXFS2024234', 4, '2024-04-23 07:09:07', '2024-04-24 04:00:00', 'claimed'),
(163, '23021004', 'ECXFS2024174', 4, '2024-04-23 07:10:33', '2024-04-24 04:00:00', 'claimed'),
(164, '23010314', 'ECXFS2024109', 3, '2024-04-23 07:11:49', '2024-04-24 04:00:00', 'claimed'),
(165, '230629455', 'ECXFS2024144', 3, '2024-04-23 07:18:39', '2024-04-24 04:00:00', 'claimed'),
(166, '230629454', 'ECXFS2024210', 3, '2024-04-23 07:24:15', '2024-04-24 04:00:00', 'claimed'),
(167, '22030601', 'ECXFS2024071', 3, '2024-04-23 07:25:51', '2024-04-24 04:00:00', 'claimed'),
(168, '22032804', 'ECXFS2024126', 3, '2024-04-23 07:28:21', '2024-04-24 04:00:00', 'claimed'),
(169, '22090902', 'ECXFS2024077', 4, '2024-04-23 07:28:59', '2024-04-24 04:00:00', 'claimed'),
(170, '22112303', 'ECXFS2024003', 4, '2024-04-23 07:32:10', '2024-04-24 04:00:00', 'claimed'),
(171, '22032110', 'ECXFS2024152', 4, '2024-04-23 07:40:22', '2024-04-24 04:00:00', 'claimed'),
(172, '230729521', 'ECXFS2024166', 4, '2024-04-23 07:42:53', '2024-04-24 04:00:00', 'claimed'),
(173, '22060101', 'ECXFS2024181', 4, '2024-04-23 07:45:17', '2024-04-24 04:00:00', 'claimed'),
(174, '22060602', 'ECXFS2024084', 3, '2024-04-23 07:50:39', '2024-04-24 04:00:00', 'claimed'),
(175, '23021701', 'ECXFS2024171', 4, '2024-04-23 07:57:24', '2024-04-24 04:00:00', 'claimed'),
(176, '21111702', 'ECXFS2024225', 3, '2024-04-23 08:12:16', '2024-04-24 04:00:00', 'claimed'),
(177, '23011811', 'ECXFS2024163', 3, '2024-04-23 08:13:59', '2024-04-24 04:00:00', 'claimed'),
(178, '22112306', 'ECXFS2024118', 4, '2024-04-23 08:19:28', '2024-04-24 04:00:00', 'claimed'),
(179, '21120605', 'ECXFS2024019', 4, '2024-04-23 08:37:46', '2024-04-24 04:00:00', 'claimed'),
(180, '22053008', 'ECXFS2024014', 3, '2024-04-23 08:43:48', '2024-04-24 04:00:00', 'claimed'),
(181, '230629456', 'ECXFS2024113', 4, '2024-04-23 08:45:02', '2024-04-24 04:00:00', 'claimed'),
(182, '22053007', 'ECXFS2024223', 4, '2024-04-23 08:46:19', '2024-04-24 04:00:00', 'claimed'),
(183, '22070703', 'ECXFS2024141', 3, '2024-04-23 08:48:33', '2024-04-24 04:00:00', 'claimed'),
(184, '22052301', 'ECXFS2024094', 4, '2024-04-23 08:49:25', '2024-04-24 04:00:00', 'claimed'),
(185, '22070701', 'ECXFS2024023', 3, '2024-04-23 08:50:06', '2024-04-24 04:00:00', 'claimed'),
(186, '22070702', 'ECXFS2024044', 3, '2024-04-23 08:50:57', '2024-04-24 04:00:00', 'claimed'),
(187, '230629482', 'ECXFS2024224', 3, '2024-04-23 08:52:13', '2024-04-24 04:00:00', 'claimed'),
(188, '22012102', 'ECXFS2024151', 4, '2024-04-23 08:53:15', '2024-04-24 04:00:00', 'claimed'),
(189, '230629477', 'ECXFS2024164', 3, '2024-04-23 08:53:57', '2024-04-24 04:00:00', 'claimed'),
(190, '22012103', 'ECXFS2024219', 4, '2024-04-23 08:56:08', '2024-04-24 04:00:00', 'claimed'),
(191, '22053005', 'ECXFS2024168', 3, '2024-04-23 09:05:48', '2024-04-24 04:00:00', 'claimed'),
(192, '23011803', 'ECXFS2024075', 3, '2024-04-23 09:07:20', '2024-04-24 04:00:00', 'claimed'),
(193, '230629402', 'ECXFS2024207', 4, '2024-04-23 09:25:03', '2024-04-24 04:00:00', 'claimed'),
(194, '22111419', 'ECXFS2024110', 4, '2024-04-23 09:27:17', '2024-04-24 04:00:00', 'claimed'),
(195, '22090502', 'ECXFS2024162', 4, '2024-04-23 09:28:40', '2024-04-24 04:00:00', 'claimed'),
(196, '230629483', 'ECXFS2024112', 4, '2024-04-23 09:31:03', '2024-04-24 04:00:00', 'claimed'),
(197, '21111103', 'ECXFS2024078', 4, '2024-04-23 09:36:27', '2024-04-24 04:00:00', 'claimed'),
(198, '21121302', 'ECXFS2024235', 4, '2024-04-23 09:38:21', '2024-04-24 04:00:00', 'claimed'),
(199, '21120602', 'ECXFS2024060', 3, '2024-04-23 09:46:54', '2024-04-24 04:00:00', 'claimed'),
(200, '21120604', 'ECXFS2024167', 3, '2024-04-23 09:48:11', '2024-04-24 04:00:00', 'claimed'),
(201, '230629480', 'ECXFS2024192', 4, '2024-04-23 09:50:19', '2024-04-24 04:00:00', 'claimed'),
(202, '22072703', 'ECXFS2024073', 3, '2024-04-23 09:56:45', '2024-04-24 04:00:00', 'claimed'),
(203, '22080101', 'ECXFS2024221', 4, '2024-04-23 09:56:47', '2024-04-24 04:00:00', 'claimed'),
(204, '22122103', 'ECXFS2024063', 4, '2024-04-23 09:59:36', '2024-04-24 04:00:00', 'claimed'),
(205, '22110709', 'ECXFS2024175', 3, '2024-04-23 10:03:02', '2024-04-24 04:00:00', 'claimed'),
(206, '23011813', 'ECXFS2024132', 4, '2024-04-23 10:05:15', '2024-04-24 04:00:00', 'claimed'),
(207, '22122106', 'ECXFS2024124', 4, '2024-04-23 10:06:40', '2024-04-24 04:00:00', 'claimed'),
(208, '22032806', 'ECXFS2024135', 4, '2024-04-23 10:09:00', '2024-04-24 04:00:00', 'claimed'),
(209, '22032103', 'ECXFS2024080', 4, '2024-04-23 10:10:23', '2024-04-24 04:00:00', 'claimed'),
(210, '220660604', 'ECXFS2024173', 4, '2024-04-23 10:12:46', '2024-04-24 04:00:00', 'claimed'),
(211, '23010307', 'ECXFS2024062', 4, '2024-04-23 10:13:44', '2024-04-24 04:00:00', 'claimed'),
(212, '23010308', 'ECXFS2024027', 4, '2024-04-23 10:15:56', '2024-04-24 04:00:00', 'claimed'),
(213, '22110711', 'ECXFS2024196', 4, '2024-04-23 10:17:21', '2024-04-24 04:00:00', 'claimed'),
(214, '230626403', 'ECXFS2024056', 4, '2024-04-23 10:19:14', '2024-04-24 04:00:00', 'claimed'),
(215, '230629457', 'ECXFS2024043', 4, '2024-04-23 10:19:58', '2024-04-24 04:00:00', 'claimed'),
(216, '21111703', 'ECXFS2024145', 4, '2024-04-23 10:22:53', '2024-04-24 04:00:00', 'claimed'),
(217, '22110717', 'ECXFS2024001', 4, '2024-04-23 10:23:52', '2024-04-24 04:00:00', 'claimed'),
(218, '23030603', 'ECXFS2024049', 4, '2024-04-23 10:32:28', '2024-04-24 04:00:00', 'claimed'),
(219, '23040503', 'ECXFS2024045', 4, '2024-04-23 10:34:41', '2024-04-24 04:00:00', 'claimed'),
(220, '230627422', 'ECXFS2024065', 4, '2024-04-23 10:38:26', '2024-04-24 04:00:00', 'claimed'),
(221, '23021403', 'ECXFS2024069', 4, '2024-04-23 10:39:24', '2024-04-24 04:00:00', 'claimed'),
(222, '22053002', 'ECXFS2024037', 4, '2024-04-23 10:46:38', '2024-04-24 04:00:00', 'claimed'),
(223, '22053004', 'ECXFS2024231', 4, '2024-04-23 10:48:10', '2024-04-24 04:00:00', 'claimed'),
(224, '230629420', 'ECXFS2024131', 4, '2024-04-23 10:49:55', '2024-04-24 04:00:00', 'claimed'),
(225, '22112102', 'ECXFS2024013', 4, '2024-04-23 10:50:39', '2024-04-24 04:00:00', 'claimed'),
(226, '22111409', 'ECXFS2024190', 4, '2024-04-23 10:53:48', '2024-04-24 04:00:00', 'claimed'),
(227, '22111415', 'ECXFS2024229', 4, '2024-04-23 10:55:12', '2024-04-24 04:00:00', 'claimed'),
(228, '23033001', 'ECXFS2024032', 4, '2024-04-23 10:57:25', '2024-04-24 04:00:00', 'claimed'),
(229, '23010316', 'ECXFS2024021', 4, '2024-04-23 11:00:16', '2024-04-24 04:00:00', 'claimed'),
(230, '23011815', 'ECXFS2024157', 4, '2024-04-23 11:01:45', '2024-04-24 04:00:00', 'claimed'),
(231, '230629426', 'ECXFS2024085', 4, '2024-04-23 11:04:45', '2024-04-24 04:00:00', 'claimed'),
(232, '22062701', 'ECXFS2024158', 4, '2024-04-23 11:10:23', '2024-04-24 04:00:00', 'claimed'),
(233, '22062004', 'ECXFS2024057', 4, '2024-04-23 11:16:55', '2024-04-24 04:00:00', 'claimed'),
(234, '22011701', 'ECSFS2024003', 4, '2024-04-23 11:20:07', '2024-04-24 04:00:00', 'claimed'),
(235, '22111411', 'ECXFS2024138', 4, '2024-04-23 11:21:41', '2024-04-24 04:00:00', 'claimed'),
(236, '23011809', 'ECXFS2024046', 4, '2024-04-23 11:24:28', '2024-04-24 04:00:00', 'claimed'),
(237, '230629494', 'ECXFS2024040', 4, '2024-04-23 11:26:03', '2024-04-24 04:00:00', 'claimed'),
(238, '23030107', 'ECXFS2024104', 4, '2024-04-23 11:27:47', '2024-04-24 04:00:00', 'claimed'),
(239, '230629413', 'ECXFS2024064', 4, '2024-04-23 11:29:23', '2024-04-24 04:00:00', 'claimed'),
(240, '23011801', 'ECSFS2024022', 4, '2024-04-23 11:30:07', '2024-04-24 04:00:00', 'claimed'),
(241, '230629481', 'ECXFS2024172', 4, '2024-04-23 11:31:46', '2024-04-24 04:00:00', 'claimed'),
(242, '230629408', 'ECSTXFS2024003', 3, '2024-04-24 03:26:51', '2024-04-24 23:59:59', 'claimed'),
(243, '21110401', 'ECSTXFS2024001', 4, '2024-04-24 03:28:25', '2024-04-24 23:59:59', 'claimed'),
(244, '230629440', 'ECSTXFS2024007', 4, '2024-04-24 03:38:50', '2024-04-24 23:59:59', 'claimed'),
(245, '230629430', 'ECSTXFS2024008', 3, '2024-04-24 03:41:57', '2024-04-24 23:59:59', 'claimed'),
(246, '23021006', 'ECXFS2024200', 3, '2024-04-24 05:01:46', '2024-04-25 04:00:00', 'claimed'),
(247, '21111701', 'ECXFS2024193', 4, '2024-04-24 05:02:59', '2024-04-25 04:00:00', 'claimed'),
(248, '22111417', 'ECXFS2024213', 4, '2024-04-24 05:04:33', '2024-04-25 04:00:00', 'claimed'),
(249, '23030603', 'ECXFS2024049', 4, '2024-04-24 05:05:58', '2024-04-25 04:00:00', 'claimed'),
(250, '23021504', 'ECXFS2024179', 3, '2024-04-24 05:07:05', '2024-04-25 04:00:00', 'claimed'),
(251, '230629457', 'ECXFS2024043', 3, '2024-04-24 05:10:37', '2024-04-25 04:00:00', 'claimed'),
(252, '23011813', 'ECXFS2024132', 3, '2024-04-24 05:16:25', '2024-04-25 04:00:00', 'claimed'),
(253, '22042202', 'ECXFS2024226', 4, '2024-04-24 05:17:22', '2024-04-25 04:00:00', 'claimed'),
(254, '22110709', 'ECXFS2024175', 3, '2024-04-24 05:17:58', '2024-04-25 04:00:00', 'claimed'),
(255, '23021602', 'ECXFS2024108', 3, '2024-04-24 05:19:21', '2024-04-25 04:00:00', 'claimed'),
(256, '23040503', 'ECXFS2024045', 4, '2024-04-24 05:21:46', '2024-04-25 04:00:00', 'claimed'),
(257, '23010309', 'ECXFS2024234', 4, '2024-04-24 05:23:59', '2024-04-25 04:00:00', 'claimed'),
(258, '230629402', 'ECXFS2024207', 3, '2024-04-24 05:24:22', '2024-04-25 04:00:00', 'claimed'),
(259, '22031201', 'ECSFS2024002', 4, '2024-04-24 05:39:47', '2024-04-25 04:00:00', 'claimed'),
(260, '23011801', 'ECSFS2024022', 4, '2024-04-24 05:41:35', '2024-04-25 04:00:00', 'claimed'),
(261, '22110717', 'ECXFS2024001', 3, '2024-04-24 05:45:14', '2024-04-25 04:00:00', 'claimed'),
(262, '22042801', 'ECXFS2024198', 3, '2024-04-24 05:48:01', '2024-04-25 04:00:00', 'claimed'),
(263, '22122106', 'ECXFS2024124', 4, '2024-04-24 05:48:42', '2024-04-25 04:00:00', 'claimed'),
(264, '23011809', 'ECXFS2024046', 3, '2024-04-24 05:49:17', '2024-04-25 04:00:00', 'claimed'),
(265, '22112501', 'ECXFS2024116', 3, '2024-04-24 05:50:21', '2024-04-25 04:00:00', 'claimed'),
(266, '22110901', 'ECSTXFS2024002', 3, '2024-04-24 05:54:00', '2024-04-24 23:59:59', 'claimed'),
(267, '230629406', 'ECSTXFS2024006', 4, '2024-04-24 05:57:21', '2024-04-24 23:59:59', 'claimed'),
(268, '22111418', 'ECXFS2024137', 4, '2024-04-24 06:05:47', '2024-04-25 04:00:00', 'claimed'),
(269, '230629414', 'ECXFS2024007', 3, '2024-04-24 06:06:39', '2024-04-25 04:00:00', 'claimed'),
(270, '230629418', 'ECXFS2024036', 3, '2024-04-24 06:07:50', '2024-04-25 04:00:00', 'claimed'),
(271, '22112801', 'ECXFS2024159', 3, '2024-04-24 06:08:55', '2024-04-25 04:00:00', 'claimed'),
(272, '23030701', 'ECXFS2024047', 4, '2024-04-24 06:09:36', '2024-04-25 04:00:00', 'claimed'),
(273, '23021502', 'ECXFS2024205', 3, '2024-04-24 06:09:45', '2024-04-25 04:00:00', 'claimed'),
(274, '23011803', 'ECXFS2024075', 4, '2024-04-24 06:10:51', '2024-04-25 04:00:00', 'claimed'),
(275, '22111423', 'ECXFS2024106', 3, '2024-04-24 06:11:21', '2024-04-25 04:00:00', 'claimed'),
(276, '22110711', 'ECXFS2024196', 4, '2024-04-24 06:12:49', '2024-04-25 04:00:00', 'claimed'),
(277, '230629455', 'ECXFS2024144', 3, '2024-04-24 06:16:28', '2024-04-25 04:00:00', 'claimed'),
(278, '22060603', 'ECXFS2024009', 4, '2024-04-24 06:17:50', '2024-04-25 04:00:00', 'claimed'),
(279, '23010307', 'ECXFS2024062', 3, '2024-04-24 06:18:43', '2024-04-25 04:00:00', 'claimed'),
(280, '23011602', 'ECXFS2024127', 4, '2024-04-24 06:19:59', '2024-04-25 04:00:00', 'claimed'),
(281, '220660604', 'ECXFS2024173', 3, '2024-04-24 06:20:23', '2024-04-25 04:00:00', 'claimed'),
(282, '22110201', 'ECXFS2024147', 3, '2024-04-24 06:23:16', '2024-04-25 04:00:00', 'claimed'),
(283, '22110720', 'ECXFS2024058', 3, '2024-04-24 06:24:11', '2024-04-25 04:00:00', 'claimed'),
(284, '230629446', 'ECXFS2024059', 3, '2024-04-24 06:25:35', '2024-04-25 04:00:00', 'claimed'),
(285, '22062003', 'ECXFS2024183', 4, '2024-04-24 06:25:49', '2024-04-25 04:00:00', 'claimed'),
(286, '22111409', 'ECXFS2024190', 3, '2024-04-24 06:26:21', '2024-04-25 04:00:00', 'claimed'),
(287, '23021004', 'ECXFS2024174', 4, '2024-04-24 06:27:04', '2024-04-25 04:00:00', 'claimed'),
(288, '22062004', 'ECXFS2024057', 4, '2024-04-24 06:27:49', '2024-04-25 04:00:00', 'claimed'),
(289, '230629458', 'ECXFS2024134', 3, '2024-04-24 06:28:46', '2024-04-25 04:00:00', 'claimed'),
(290, '22110718', 'ECXFS2024194', 3, '2024-04-24 06:30:32', '2024-04-25 04:00:00', 'claimed'),
(291, '22042701', 'ECXFS2024012', 4, '2024-04-24 06:31:20', '2024-04-25 04:00:00', 'claimed'),
(292, '22110713', 'ECXFS2024020', 4, '2024-04-24 06:34:08', '2024-04-25 04:00:00', 'claimed'),
(293, '23030606', 'ECXFS2024053', 4, '2024-04-24 06:38:19', '2024-04-25 04:00:00', 'claimed'),
(294, '22072704', 'ECXFS2024087', 3, '2024-04-24 06:38:47', '2024-04-25 04:00:00', 'claimed'),
(295, '22032110', 'ECXFS2024152', 4, '2024-04-24 06:40:46', '2024-04-25 04:00:00', 'claimed'),
(296, '22112402', 'ECXFS2024031', 4, '2024-04-24 06:47:37', '2024-04-25 04:00:00', 'claimed'),
(297, '22110715', 'ECXFS2024090', 4, '2024-04-24 06:48:33', '2024-04-25 04:00:00', 'claimed'),
(298, '21093001', 'ECXFS2024052', 3, '2024-04-24 06:48:59', '2024-04-25 04:00:00', 'claimed'),
(299, '22112401', 'ECXFS2024072', 4, '2024-04-24 06:50:04', '2024-04-25 04:00:00', 'claimed'),
(300, '22060101', 'ECXFS2024181', 3, '2024-04-24 06:52:05', '2024-04-25 04:00:00', 'claimed'),
(301, '23021701', 'ECXFS2024171', 4, '2024-04-24 06:52:13', '2024-04-25 04:00:00', 'claimed'),
(302, '230629480', 'ECXFS2024192', 4, '2024-04-24 07:02:55', '2024-04-25 04:00:00', 'claimed'),
(303, '22070703', 'ECXFS2024141', 3, '2024-04-24 07:07:55', '2024-04-25 04:00:00', 'claimed'),
(304, '23011804', 'ECXFS2024218', 3, '2024-04-24 07:09:23', '2024-04-25 04:00:00', 'claimed'),
(305, '22060602', 'ECXFS2024084', 4, '2024-04-24 07:23:34', '2024-04-25 04:00:00', 'claimed'),
(306, '23010314', 'ECXFS2024109', 3, '2024-04-24 07:26:21', '2024-04-25 04:00:00', 'claimed'),
(307, '230629456', 'ECXFS2024113', 4, '2024-04-24 07:27:55', '2024-04-25 04:00:00', 'claimed'),
(308, '22090902', 'ECXFS2024077', 4, '2024-04-24 07:30:03', '2024-04-25 04:00:00', 'claimed'),
(309, '22112303', 'ECXFS2024003', 4, '2024-04-24 07:31:34', '2024-04-25 04:00:00', 'claimed'),
(310, '23021003', 'ECXFS2024082', 4, '2024-04-24 07:38:02', '2024-04-25 04:00:00', 'claimed'),
(311, '230629311', 'ECXFS2024160', 4, '2024-04-24 07:40:23', '2024-04-25 04:00:00', 'claimed'),
(312, '23040502', 'ECXFS2024004', 4, '2024-04-24 07:42:23', '2024-04-25 04:00:00', 'claimed'),
(313, '22053007', 'ECXFS2024223', 3, '2024-04-24 07:46:32', '2024-04-25 04:00:00', 'claimed'),
(314, '22111411', 'ECXFS2024138', 4, '2024-04-24 07:50:12', '2024-04-25 04:00:00', 'claimed'),
(315, '21111703', 'ECXFS2024145', 3, '2024-04-24 07:52:03', '2024-04-25 04:00:00', 'claimed'),
(316, '22110704', 'ECXFS2024025', 4, '2024-04-24 07:54:32', '2024-04-25 04:00:00', 'claimed'),
(317, '23010306', 'ECXFS2024170', 3, '2024-04-24 07:54:35', '2024-04-25 04:00:00', 'claimed'),
(318, '22111419', 'ECXFS2024110', 4, '2024-04-24 07:55:52', '2024-04-25 04:00:00', 'claimed'),
(319, '23011812', 'ECXFS2024189', 3, '2024-04-24 08:00:01', '2024-04-25 04:00:00', 'claimed'),
(320, '230729521', 'ECXFS2024166', 4, '2024-04-24 08:12:09', '2024-04-25 04:00:00', 'claimed'),
(321, '22110712', 'ECXFS2024212', 3, '2024-04-24 08:13:13', '2024-04-25 04:00:00', 'claimed'),
(322, '22053008', 'ECXFS2024014', 4, '2024-04-24 08:15:59', '2024-04-25 04:00:00', 'claimed'),
(323, '22090601', 'ECXFS2024148', 3, '2024-04-24 08:18:50', '2024-04-25 04:00:00', 'claimed'),
(324, '23021001', 'ECXFS2024079', 4, '2024-04-24 08:40:24', '2024-04-25 04:00:00', 'claimed'),
(325, '22122103', 'ECXFS2024063', 4, '2024-04-24 08:41:50', '2024-04-25 04:00:00', 'claimed'),
(326, '21120602', 'ECXFS2024060', 3, '2024-04-24 08:49:08', '2024-04-25 04:00:00', 'claimed'),
(327, '21120604', 'ECXFS2024167', 4, '2024-04-24 08:50:54', '2024-04-25 04:00:00', 'claimed'),
(328, '22053001', 'ECXFS2024100', 3, '2024-04-24 08:50:57', '2024-04-25 04:00:00', 'claimed'),
(329, '22030106', 'ECXFS2024015', 3, '2024-04-24 08:53:04', '2024-04-25 04:00:00', 'claimed'),
(330, '22080101', 'ECXFS2024221', 4, '2024-04-24 08:53:49', '2024-04-25 04:00:00', 'claimed'),
(331, '230629483', 'ECXFS2024112', 4, '2024-04-24 09:09:51', '2024-04-25 04:00:00', 'claimed'),
(332, '21111702', 'ECXFS2024225', 3, '2024-04-24 09:10:14', '2024-04-25 04:00:00', 'claimed'),
(333, '23011811', 'ECXFS2024163', 3, '2024-04-24 09:11:25', '2024-04-25 04:00:00', 'claimed'),
(334, '22012103', 'ECXFS2024219', 3, '2024-04-24 09:13:24', '2024-04-25 04:00:00', 'claimed'),
(335, '21121302', 'ECXFS2024235', 4, '2024-04-24 09:14:47', '2024-04-25 04:00:00', 'claimed'),
(336, '21111103', 'ECXFS2024078', 4, '2024-04-24 09:15:21', '2024-04-25 04:00:00', 'claimed'),
(337, '22112306', 'ECXFS2024118', 3, '2024-04-24 09:16:49', '2024-04-25 04:00:00', 'claimed'),
(338, '22012102', 'ECXFS2024151', 3, '2024-04-24 09:20:21', '2024-04-25 04:00:00', 'claimed'),
(339, '230629454', 'ECXFS2024210', 4, '2024-04-24 09:22:15', '2024-04-25 04:00:00', 'claimed'),
(340, '22032804', 'ECXFS2024126', 4, '2024-04-24 09:24:22', '2024-04-25 04:00:00', 'claimed'),
(341, '230629482', 'ECXFS2024224', 4, '2024-04-24 09:27:30', '2024-04-25 04:00:00', 'claimed'),
(342, '22032801', 'ECXFS2024123', 4, '2024-04-24 09:43:12', '2024-04-25 04:00:00', 'claimed'),
(343, '22090502', 'ECXFS2024162', 4, '2024-04-24 09:49:56', '2024-04-25 04:00:00', 'claimed'),
(344, '230629481', 'ECXFS2024172', 4, '2024-04-24 09:53:24', '2024-04-25 04:00:00', 'claimed'),
(345, '230626403', 'ECXFS2024056', 4, '2024-04-24 09:55:02', '2024-04-25 04:00:00', 'claimed'),
(346, '230629494', 'ECXFS2024040', 3, '2024-04-24 09:55:51', '2024-04-25 04:00:00', 'claimed'),
(347, '23010308', 'ECXFS2024027', 4, '2024-04-24 09:56:17', '2024-04-25 04:00:00', 'claimed'),
(348, '230629425', 'ECXFS2024035', 4, '2024-04-24 09:57:51', '2024-04-25 04:00:00', 'claimed'),
(349, '22030601', 'ECXFS2024071', 4, '2024-04-24 10:06:42', '2024-04-25 04:00:00', 'claimed'),
(350, '22032806', 'ECXFS2024135', 4, '2024-04-24 10:09:16', '2024-04-25 04:00:00', 'claimed'),
(351, '230627422', 'ECXFS2024065', 4, '2024-04-24 10:16:29', '2024-04-25 04:00:00', 'claimed'),
(352, '22032103', 'ECXFS2024080', 4, '2024-04-24 10:17:43', '2024-04-25 04:00:00', 'claimed'),
(353, '23030605', 'ECXFS2024101', 4, '2024-04-24 10:27:20', '2024-04-25 04:00:00', 'claimed'),
(354, '230629413', 'ECXFS2024064', 4, '2024-04-24 10:32:14', '2024-04-25 04:00:00', 'claimed'),
(355, '230626406', 'ECXFS2024191', 4, '2024-04-24 10:34:32', '2024-04-25 04:00:00', 'claimed'),
(356, '22070702', 'ECXFS2024044', 4, '2024-04-24 10:35:30', '2024-04-25 04:00:00', 'claimed'),
(357, '22070701', 'ECXFS2024023', 4, '2024-04-24 10:36:16', '2024-04-25 04:00:00', 'claimed'),
(358, '230629477', 'ECXFS2024164', 4, '2024-04-24 10:37:00', '2024-04-25 04:00:00', 'claimed'),
(359, '23021506', 'ECXFS2024184', 4, '2024-04-24 10:41:48', '2024-04-25 04:00:00', 'claimed'),
(360, '22111414', 'ECXFS2024005', 4, '2024-04-24 10:43:33', '2024-04-25 04:00:00', 'claimed'),
(361, '22011701', 'ECSFS2024003', 4, '2024-04-24 10:45:14', '2024-04-25 04:00:00', 'claimed'),
(362, '22112102', 'ECXFS2024013', 4, '2024-04-24 10:49:20', '2024-04-25 04:00:00', 'claimed'),
(363, '230629420', 'ECXFS2024131', 4, '2024-04-24 10:50:16', '2024-04-25 04:00:00', 'claimed'),
(364, '230629479', 'ECXFS2024097', 4, '2024-04-24 10:55:29', '2024-04-25 04:00:00', 'claimed'),
(365, '22053002', 'ECXFS2024037', 4, '2024-04-24 10:56:32', '2024-04-25 04:00:00', 'claimed'),
(366, '23021403', 'ECXFS2024069', 4, '2024-04-24 10:58:13', '2024-04-25 04:00:00', 'claimed'),
(367, '22053004', 'ECXFS2024231', 4, '2024-04-24 11:03:12', '2024-04-25 04:00:00', 'claimed'),
(368, '22053005', 'ECXFS2024168', 4, '2024-04-24 11:08:20', '2024-04-25 04:00:00', 'claimed'),
(369, '22111415', 'ECXFS2024229', 4, '2024-04-24 11:11:47', '2024-04-25 04:00:00', 'claimed'),
(370, '22052301', 'ECXFS2024094', 4, '2024-04-24 11:13:23', '2024-04-25 04:00:00', 'claimed'),
(371, '23030703', 'ECXFS2024130', 4, '2024-04-24 11:17:38', '2024-04-25 04:00:00', 'claimed'),
(372, '23010316', 'ECXFS2024021', 4, '2024-04-24 11:18:39', '2024-04-25 04:00:00', 'claimed'),
(373, '22070403', 'ECXFS2024217', 4, '2024-04-24 11:37:14', '2024-04-25 04:00:00', 'claimed'),
(374, '230629510', 'ECSFS2024024', 7, '2024-04-25 03:30:13', '2024-04-25 23:59:59', 'claimed'),
(375, '230629410', 'ECSFS2024007', 7, '2024-04-25 03:34:41', '2024-04-25 23:59:59', 'claimed'),
(376, '23011803', 'ECXFS2024075', 7, '2024-04-25 05:00:26', '2024-04-26 04:00:00', 'claimed'),
(377, '23011811', 'ECXFS2024163', 3, '2024-04-25 05:00:47', '2024-04-26 04:00:00', 'claimed'),
(378, '230629420', 'ECXFS2024131', 7, '2024-04-25 05:02:08', '2024-04-26 04:00:00', 'claimed'),
(379, '21111701', 'ECXFS2024193', 7, '2024-04-25 05:04:05', '2024-04-26 04:00:00', 'claimed'),
(380, '23021504', 'ECXFS2024179', 3, '2024-04-25 05:04:24', '2024-04-26 04:00:00', 'claimed'),
(381, '22111417', 'ECXFS2024213', 7, '2024-04-25 05:05:35', '2024-04-26 04:00:00', 'claimed'),
(382, '22032110', 'ECXFS2024152', 7, '2024-04-25 05:18:32', '2024-04-26 04:00:00', 'claimed'),
(383, '23021602', 'ECXFS2024108', 3, '2024-04-25 05:20:56', '2024-04-26 04:00:00', 'claimed'),
(384, '21121302', 'ECXFS2024235', 7, '2024-04-25 05:29:21', '2024-04-26 04:00:00', 'claimed'),
(385, '21111103', 'ECXFS2024078', 3, '2024-04-25 05:30:00', '2024-04-26 04:00:00', 'claimed'),
(386, '22110709', 'ECXFS2024175', 3, '2024-04-25 05:40:53', '2024-04-26 04:00:00', 'claimed'),
(387, '23011812', 'ECXFS2024189', 3, '2024-04-25 05:42:25', '2024-04-26 04:00:00', 'claimed'),
(388, '230629408', 'ECSTXFS2024003', 7, '2024-04-25 05:44:03', '2024-04-25 23:59:59', 'claimed'),
(389, '22110901', 'ECSTXFS2024002', 3, '2024-04-25 05:44:15', '2024-04-25 23:59:59', 'claimed'),
(390, '230629406', 'ECSTXFS2024006', 7, '2024-04-25 05:45:32', '2024-04-25 23:59:59', 'claimed'),
(391, '230626406', 'ECXFS2024191', 3, '2024-04-25 05:50:27', '2024-04-26 04:00:00', 'claimed'),
(392, '230629426', 'ECXFS2024085', 7, '2024-04-25 05:52:42', '2024-04-26 04:00:00', 'claimed'),
(393, '23010309', 'ECXFS2024234', 3, '2024-04-25 05:54:08', '2024-04-26 04:00:00', 'claimed'),
(394, '22110711', 'ECXFS2024196', 7, '2024-04-25 06:00:21', '2024-04-26 04:00:00', 'claimed'),
(395, '22111419', 'ECXFS2024110', 7, '2024-04-25 06:03:56', '2024-04-26 04:00:00', 'claimed'),
(396, '22111414', 'ECXFS2024005', 3, '2024-04-25 06:04:02', '2024-04-26 04:00:00', 'claimed'),
(397, '23040502', 'ECXFS2024004', 3, '2024-04-25 06:05:13', '2024-04-26 04:00:00', 'claimed'),
(398, '230629455', 'ECXFS2024144', 3, '2024-04-25 06:06:22', '2024-04-26 04:00:00', 'claimed'),
(399, '23021004', 'ECXFS2024174', 7, '2024-04-25 06:06:53', '2024-04-26 04:00:00', 'claimed'),
(400, '23021006', 'ECXFS2024200', 3, '2024-04-25 06:07:33', '2024-04-26 04:00:00', 'claimed'),
(401, '22062004', 'ECXFS2024057', 7, '2024-04-25 06:07:52', '2024-04-26 04:00:00', 'claimed'),
(402, '23030701', 'ECXFS2024047', 3, '2024-04-25 06:08:31', '2024-04-26 04:00:00', 'claimed'),
(403, '23021502', 'ECXFS2024205', 3, '2024-04-25 06:09:30', '2024-04-26 04:00:00', 'claimed'),
(404, '22062003', 'ECXFS2024183', 7, '2024-04-25 06:09:53', '2024-04-26 04:00:00', 'claimed'),
(405, '22111423', 'ECXFS2024106', 3, '2024-04-25 06:11:01', '2024-04-26 04:00:00', 'claimed'),
(406, '230629456', 'ECXFS2024113', 7, '2024-04-25 06:11:38', '2024-04-26 04:00:00', 'claimed'),
(407, '230629418', 'ECXFS2024036', 7, '2024-04-25 06:12:21', '2024-04-26 04:00:00', 'claimed'),
(408, '22110704', 'ECXFS2024025', 7, '2024-04-25 06:13:13', '2024-04-26 04:00:00', 'claimed'),
(409, '22110201', 'ECXFS2024147', 3, '2024-04-25 06:13:57', '2024-04-26 04:00:00', 'claimed'),
(410, '230629414', 'ECXFS2024007', 3, '2024-04-25 06:16:12', '2024-04-26 04:00:00', 'claimed'),
(411, '22060603', 'ECXFS2024009', 7, '2024-04-25 06:17:13', '2024-04-26 04:00:00', 'claimed'),
(412, '230629446', 'ECXFS2024059', 7, '2024-04-25 06:21:56', '2024-04-26 04:00:00', 'claimed'),
(413, '23011602', 'ECXFS2024127', 7, '2024-04-25 06:24:26', '2024-04-26 04:00:00', 'claimed'),
(414, '22111411', 'ECXFS2024138', 7, '2024-04-25 06:25:29', '2024-04-26 04:00:00', 'claimed'),
(415, '22110713', 'ECXFS2024020', 3, '2024-04-25 06:25:57', '2024-04-26 04:00:00', 'claimed'),
(416, '22112303', 'ECXFS2024003', 3, '2024-04-25 06:28:29', '2024-04-26 04:00:00', 'claimed'),
(417, '23011801', 'ECSFS2024022', 7, '2024-04-25 06:29:51', '2024-04-26 04:00:00', 'claimed'),
(418, '230629458', 'ECXFS2024134', 3, '2024-04-25 06:30:30', '2024-04-26 04:00:00', 'claimed'),
(419, '22031201', 'ECSFS2024002', 7, '2024-04-25 06:30:53', '2024-04-26 04:00:00', 'claimed'),
(420, '23030606', 'ECXFS2024053', 7, '2024-04-25 06:34:04', '2024-04-26 04:00:00', 'claimed'),
(421, '23011804', 'ECXFS2024218', 7, '2024-04-25 06:37:05', '2024-04-26 04:00:00', 'claimed'),
(422, '230629479', 'ECXFS2024097', 3, '2024-04-25 06:38:08', '2024-04-26 04:00:00', 'claimed'),
(423, '23021701', 'ECXFS2024171', 7, '2024-04-25 06:38:13', '2024-04-26 04:00:00', 'claimed'),
(424, '21093001', 'ECXFS2024052', 3, '2024-04-25 06:50:18', '2024-04-26 04:00:00', 'claimed'),
(425, '22112402', 'ECXFS2024031', 7, '2024-04-25 06:55:30', '2024-04-26 04:00:00', 'claimed'),
(426, '22112401', 'ECXFS2024072', 7, '2024-04-25 06:57:11', '2024-04-26 04:00:00', 'claimed'),
(427, '220660604', 'ECXFS2024173', 7, '2024-04-25 06:58:06', '2024-04-26 04:00:00', 'claimed'),
(428, '22042801', 'ECXFS2024198', 3, '2024-04-25 07:00:38', '2024-04-26 04:00:00', 'claimed'),
(429, '23010306', 'ECXFS2024170', 3, '2024-04-25 07:05:15', '2024-04-26 04:00:00', 'claimed'),
(430, '21111703', 'ECXFS2024145', 7, '2024-04-25 07:08:56', '2024-04-26 04:00:00', 'claimed'),
(431, '22090502', 'ECXFS2024162', 7, '2024-04-25 07:17:04', '2024-04-26 04:00:00', 'claimed'),
(432, '21120604', 'ECXFS2024167', 3, '2024-04-25 07:18:08', '2024-04-26 04:00:00', 'claimed'),
(433, '22111418', 'ECXFS2024137', 7, '2024-04-25 07:19:50', '2024-04-26 04:00:00', 'claimed'),
(434, '22112501', 'ECXFS2024116', 7, '2024-04-25 07:23:48', '2024-04-26 04:00:00', 'claimed'),
(435, '230629311', 'ECXFS2024160', 3, '2024-04-25 07:23:53', '2024-04-26 04:00:00', 'claimed'),
(436, '23011808', 'ECXFS2024237', 7, '2024-04-25 07:25:21', '2024-04-26 04:00:00', 'claimed'),
(437, '23011815', 'ECXFS2024157', 7, '2024-04-25 07:26:36', '2024-04-26 04:00:00', 'claimed'),
(438, '22090902', 'ECXFS2024077', 7, '2024-04-25 07:27:59', '2024-04-26 04:00:00', 'claimed'),
(439, '23021507', 'ECXFS2024142', 3, '2024-04-25 07:29:28', '2024-04-26 04:00:00', 'claimed'),
(440, '230626405', 'ECXFS2024041', 3, '2024-04-25 07:30:29', '2024-04-26 04:00:00', 'claimed'),
(441, '23040503', 'ECXFS2024045', 3, '2024-04-25 07:33:41', '2024-04-26 04:00:00', 'claimed'),
(442, '23011813', 'ECXFS2024132', 3, '2024-04-25 07:34:29', '2024-04-26 04:00:00', 'claimed'),
(443, '22070703', 'ECXFS2024141', 3, '2024-04-25 07:36:52', '2024-04-26 04:00:00', 'claimed'),
(444, '22070702', 'ECXFS2024044', 3, '2024-04-25 07:38:23', '2024-04-26 04:00:00', 'claimed'),
(445, '22070701', 'ECXFS2024023', 3, '2024-04-25 07:39:09', '2024-04-26 04:00:00', 'claimed'),
(446, '230629477', 'ECXFS2024164', 3, '2024-04-25 07:40:45', '2024-04-26 04:00:00', 'claimed'),
(447, '230629482', 'ECXFS2024224', 3, '2024-04-25 07:43:19', '2024-04-26 04:00:00', 'claimed'),
(448, '230729521', 'ECXFS2024166', 7, '2024-04-25 07:46:04', '2024-04-26 04:00:00', 'claimed'),
(449, '22060101', 'ECXFS2024181', 7, '2024-04-25 07:56:11', '2024-04-26 04:00:00', 'claimed'),
(450, '22110715', 'ECXFS2024090', 7, '2024-04-25 07:57:02', '2024-04-26 04:00:00', 'claimed'),
(451, '22053005', 'ECXFS2024168', 3, '2024-04-25 07:57:23', '2024-04-26 04:00:00', 'claimed'),
(452, '22053007', 'ECXFS2024223', 7, '2024-04-25 07:58:54', '2024-04-26 04:00:00', 'claimed'),
(453, '21111702', 'ECXFS2024225', 3, '2024-04-25 08:00:40', '2024-04-26 04:00:00', 'claimed'),
(454, '22112306', 'ECXFS2024118', 3, '2024-04-25 08:08:49', '2024-04-26 04:00:00', 'claimed'),
(455, '22012102', 'ECXFS2024151', 7, '2024-04-25 08:10:50', '2024-04-26 04:00:00', 'claimed'),
(456, '230629454', 'ECXFS2024210', 7, '2024-04-25 08:14:54', '2024-04-26 04:00:00', 'claimed'),
(457, '22032804', 'ECXFS2024126', 7, '2024-04-25 08:16:19', '2024-04-26 04:00:00', 'claimed'),
(458, '23021001', 'ECXFS2024079', 7, '2024-04-25 08:24:53', '2024-04-26 04:00:00', 'claimed'),
(459, '22032801', 'ECXFS2024123', 7, '2024-04-25 08:33:26', '2024-04-26 04:00:00', 'claimed'),
(460, '23021003', 'ECXFS2024082', 3, '2024-04-25 08:35:12', '2024-04-26 04:00:00', 'claimed'),
(461, '22053008', 'ECXFS2024014', 3, '2024-04-25 08:36:34', '2024-04-26 04:00:00', 'claimed'),
(462, '22072702', 'ECXFS2024236', 7, '2024-04-25 08:40:01', '2024-04-26 04:00:00', 'claimed'),
(463, '22060602', 'ECXFS2024084', 7, '2024-04-25 08:41:54', '2024-04-26 04:00:00', 'claimed'),
(464, '230629494', 'ECXFS2024040', 7, '2024-04-25 09:02:19', '2024-04-26 04:00:00', 'claimed'),
(465, '230627422', 'ECXFS2024065', 3, '2024-04-25 09:08:06', '2024-04-26 04:00:00', 'claimed'),
(466, '22110720', 'ECXFS2024058', 7, '2024-04-25 09:15:35', '2024-04-26 04:00:00', 'claimed'),
(467, '230629402', 'ECXFS2024207', 3, '2024-04-25 09:18:52', '2024-04-26 04:00:00', 'claimed'),
(468, '22080101', 'ECXFS2024221', 7, '2024-04-25 09:28:32', '2024-04-26 04:00:00', 'claimed'),
(469, '22030106', 'ECXFS2024015', 3, '2024-04-25 09:28:44', '2024-04-26 04:00:00', 'claimed'),
(470, '22053001', 'ECXFS2024100', 7, '2024-04-25 09:30:44', '2024-04-26 04:00:00', 'claimed'),
(471, '22072704', 'ECXFS2024087', 3, '2024-04-25 09:35:00', '2024-04-26 04:00:00', 'claimed'),
(472, '22062701', 'ECXFS2024158', 7, '2024-04-25 09:42:38', '2024-04-26 04:00:00', 'claimed'),
(473, '23021403', 'ECXFS2024069', 7, '2024-04-25 09:49:41', '2024-04-26 04:00:00', 'claimed'),
(474, '230629480', 'ECXFS2024192', 7, '2024-04-25 09:51:07', '2024-04-26 04:00:00', 'claimed'),
(475, '23030107', 'ECXFS2024104', 7, '2024-04-25 09:53:13', '2024-04-26 04:00:00', 'claimed'),
(476, '23010308', 'ECXFS2024027', 7, '2024-04-25 10:03:13', '2024-04-26 04:00:00', 'claimed'),
(477, '22110717', 'ECXFS2024001', 7, '2024-04-25 10:10:58', '2024-04-26 04:00:00', 'claimed'),
(478, '22112801', 'ECXFS2024159', 7, '2024-04-25 10:15:57', '2024-04-26 04:00:00', 'claimed'),
(479, '22012103', 'ECXFS2024219', 7, '2024-04-25 10:18:31', '2024-04-26 04:00:00', 'claimed'),
(480, '22032806', 'ECXFS2024135', 7, '2024-04-25 10:19:19', '2024-04-26 04:00:00', 'claimed'),
(481, '22110718', 'ECXFS2024194', 7, '2024-04-25 10:20:48', '2024-04-26 04:00:00', 'claimed'),
(482, '22042701', 'ECXFS2024012', 7, '2024-04-25 10:24:18', '2024-04-26 04:00:00', 'claimed'),
(483, '22032103', 'ECXFS2024080', 7, '2024-04-25 10:25:22', '2024-04-26 04:00:00', 'claimed'),
(484, '230629425', 'ECXFS2024035', 7, '2024-04-25 10:29:42', '2024-04-26 04:00:00', 'claimed'),
(485, '23010314', 'ECXFS2024109', 7, '2024-04-25 10:45:56', '2024-04-26 04:00:00', 'claimed'),
(486, '23021506', 'ECXFS2024184', 7, '2024-04-25 10:49:03', '2024-04-26 04:00:00', 'claimed'),
(487, '22090601', 'ECXFS2024148', 7, '2024-04-25 10:52:44', '2024-04-26 04:00:00', 'claimed'),
(488, '22053004', 'ECXFS2024231', 7, '2024-04-25 10:56:39', '2024-04-26 04:00:00', 'claimed'),
(489, '22053002', 'ECXFS2024037', 7, '2024-04-25 11:00:09', '2024-04-26 04:00:00', 'claimed'),
(490, '230629481', 'ECXFS2024172', 7, '2024-04-25 11:11:06', '2024-04-26 04:00:00', 'claimed'),
(491, '22070403', 'ECXFS2024217', 7, '2024-04-25 11:15:51', '2024-04-26 04:00:00', 'claimed'),
(492, '230629413', 'ECXFS2024064', 7, '2024-04-25 11:17:06', '2024-04-26 04:00:00', 'claimed'),
(493, '23011809', 'ECXFS2024046', 7, '2024-04-25 11:21:34', '2024-04-26 04:00:00', 'claimed'),
(494, '230629419', 'ECXFS2024238', 7, '2024-04-25 11:38:58', '2024-04-26 04:00:00', 'claimed'),
(495, '22052301', 'ECXFS2024094', 7, '2024-04-25 11:42:34', '2024-04-26 04:00:00', 'claimed'),
(496, '22111409', 'ECXFS2024190', 7, '2024-04-25 11:46:06', '2024-04-26 04:00:00', 'claimed'),
(497, '23010307', 'ECXFS2024062', 7, '2024-04-25 11:56:08', '2024-04-26 04:00:00', 'claimed'),
(498, '230629410', 'ECSFS2024007', 3, '2024-04-26 03:36:02', '2024-04-26 23:59:59', 'claimed'),
(499, '230629510', 'ECSFS2024024', 7, '2024-04-26 03:44:05', '2024-04-26 23:59:59', 'claimed'),
(500, '230629440', 'ECSTXFS2024007', 3, '2024-04-26 03:45:47', '2024-04-26 23:59:59', 'claimed'),
(501, '230629406', 'ECSTXFS2024006', 7, '2024-04-26 04:01:17', '2024-04-26 23:59:59', 'claimed'),
(502, '230629402', 'ECXFS2024207', 3, '2024-04-26 05:00:25', '2024-04-27 04:00:00', 'claimed'),
(503, '21111103', 'ECXFS2024078', 3, '2024-04-26 05:01:28', '2024-04-27 04:00:00', 'claimed'),
(504, '21121302', 'ECXFS2024235', 3, '2024-04-26 05:02:15', '2024-04-27 04:00:00', 'claimed'),
(505, '23011813', 'ECXFS2024132', 3, '2024-04-26 05:03:46', '2024-04-27 04:00:00', 'claimed'),
(506, '23021504', 'ECXFS2024179', 3, '2024-04-26 05:05:44', '2024-04-27 04:00:00', 'claimed'),
(507, '22111417', 'ECXFS2024213', 7, '2024-04-26 05:10:16', '2024-04-27 04:00:00', 'claimed'),
(508, '21111701', 'ECXFS2024193', 7, '2024-04-26 05:13:52', '2024-04-27 04:00:00', 'claimed'),
(509, '23010309', 'ECXFS2024234', 7, '2024-04-26 05:24:48', '2024-04-27 04:00:00', 'claimed'),
(510, '23011804', 'ECXFS2024218', 3, '2024-04-26 05:29:05', '2024-04-27 04:00:00', 'claimed'),
(511, '22110720', 'ECXFS2024058', 7, '2024-04-26 05:30:37', '2024-04-27 04:00:00', 'claimed'),
(512, '22111423', 'ECXFS2024106', 3, '2024-04-26 05:30:38', '2024-04-27 04:00:00', 'claimed'),
(513, '23021502', 'ECXFS2024205', 3, '2024-04-26 05:31:44', '2024-04-27 04:00:00', 'claimed'),
(514, '230629420', 'ECXFS2024131', 7, '2024-04-26 05:38:15', '2024-04-27 04:00:00', 'claimed'),
(515, '22112102', 'ECXFS2024013', 3, '2024-04-26 05:38:29', '2024-04-27 04:00:00', 'claimed'),
(516, '22042202', 'ECXFS2024226', 7, '2024-04-26 05:40:48', '2024-04-27 04:00:00', 'claimed'),
(517, '230629408', 'ECSTXFS2024003', 3, '2024-04-26 05:42:02', '2024-04-26 23:59:59', 'claimed'),
(518, '23010316', 'ECXFS2024021', 7, '2024-04-26 05:42:39', '2024-04-27 04:00:00', 'claimed'),
(519, '230629430', 'ECSTXFS2024008', 3, '2024-04-26 05:45:31', '2024-04-26 23:59:59', 'claimed'),
(520, '22072704', 'ECXFS2024087', 7, '2024-04-26 05:47:04', '2024-04-27 04:00:00', 'claimed'),
(521, '23021602', 'ECXFS2024108', 3, '2024-04-26 05:48:26', '2024-04-27 04:00:00', 'claimed'),
(522, '23021507', 'ECXFS2024142', 7, '2024-04-26 05:49:29', '2024-04-27 04:00:00', 'claimed'),
(523, '230626405', 'ECXFS2024041', 3, '2024-04-26 05:49:29', '2024-04-27 04:00:00', 'claimed'),
(524, '23021701', 'ECXFS2024171', 7, '2024-04-26 05:52:32', '2024-04-27 04:00:00', 'claimed'),
(525, '22110709', 'ECXFS2024175', 7, '2024-04-26 05:56:57', '2024-04-27 04:00:00', 'claimed'),
(526, '230629456', 'ECXFS2024113', 7, '2024-04-26 06:00:35', '2024-04-27 04:00:00', 'claimed'),
(527, '22042801', 'ECXFS2024198', 3, '2024-04-26 06:07:37', '2024-04-27 04:00:00', 'claimed'),
(528, '23030701', 'ECXFS2024047', 3, '2024-04-26 06:08:49', '2024-04-27 04:00:00', 'claimed'),
(529, '230629414', 'ECXFS2024007', 3, '2024-04-26 06:10:47', '2024-04-27 04:00:00', 'claimed'),
(530, '22112801', 'ECXFS2024159', 7, '2024-04-26 06:11:36', '2024-04-27 04:00:00', 'claimed'),
(531, '230629418', 'ECXFS2024036', 3, '2024-04-26 06:12:29', '2024-04-27 04:00:00', 'claimed'),
(532, '22110901', 'ECSTXFS2024002', 3, '2024-04-26 06:15:01', '2024-04-26 23:59:59', 'claimed'),
(533, '22110713', 'ECXFS2024020', 7, '2024-04-26 06:18:29', '2024-04-27 04:00:00', 'claimed'),
(534, '23011602', 'ECXFS2024127', 7, '2024-04-26 06:20:31', '2024-04-27 04:00:00', 'claimed'),
(535, '22110201', 'ECXFS2024147', 7, '2024-04-26 06:22:13', '2024-04-27 04:00:00', 'claimed');
INSERT INTO `claims` (`id`, `owner_id`, `coupon_id`, `admin_id`, `claim_date`, `claim_end_date`, `remarks`) VALUES
(536, '22111411', 'ECXFS2024138', 3, '2024-04-26 06:27:05', '2024-04-27 04:00:00', 'claimed'),
(537, '230629446', 'ECXFS2024059', 7, '2024-04-26 06:27:24', '2024-04-27 04:00:00', 'claimed'),
(538, '22060603', 'ECXFS2024009', 7, '2024-04-26 06:30:24', '2024-04-27 04:00:00', 'claimed'),
(539, '22032804', 'ECXFS2024126', 3, '2024-04-26 06:30:37', '2024-04-27 04:00:00', 'claimed'),
(540, '23011811', 'ECXFS2024163', 3, '2024-04-26 06:32:06', '2024-04-27 04:00:00', 'claimed'),
(541, '22111419', 'ECXFS2024110', 7, '2024-04-26 06:34:34', '2024-04-27 04:00:00', 'claimed'),
(542, '23010306', 'ECXFS2024170', 3, '2024-04-26 06:35:43', '2024-04-27 04:00:00', 'claimed'),
(543, '23040502', 'ECXFS2024004', 3, '2024-04-26 06:38:38', '2024-04-27 04:00:00', 'claimed'),
(544, '22110704', 'ECXFS2024025', 7, '2024-04-26 06:39:06', '2024-04-27 04:00:00', 'claimed'),
(545, '23030606', 'ECXFS2024053', 3, '2024-04-26 06:39:42', '2024-04-27 04:00:00', 'claimed'),
(546, '230629458', 'ECXFS2024134', 3, '2024-04-26 06:41:19', '2024-04-27 04:00:00', 'claimed'),
(547, '22032110', 'ECXFS2024152', 7, '2024-04-26 06:42:42', '2024-04-27 04:00:00', 'claimed'),
(548, '230629455', 'ECXFS2024144', 7, '2024-04-26 06:47:53', '2024-04-27 04:00:00', 'claimed'),
(549, '21093001', 'ECXFS2024052', 3, '2024-04-26 06:49:32', '2024-04-27 04:00:00', 'claimed'),
(550, '22112303', 'ECXFS2024003', 7, '2024-04-26 06:51:39', '2024-04-27 04:00:00', 'claimed'),
(551, '22062003', 'ECXFS2024183', 7, '2024-04-26 06:54:05', '2024-04-27 04:00:00', 'claimed'),
(552, '23021004', 'ECXFS2024174', 7, '2024-04-26 06:58:10', '2024-04-27 04:00:00', 'claimed'),
(553, '22112402', 'ECXFS2024031', 7, '2024-04-26 07:03:47', '2024-04-27 04:00:00', 'claimed'),
(554, '220660604', 'ECXFS2024173', 3, '2024-04-26 07:04:16', '2024-04-27 04:00:00', 'claimed'),
(555, '22112401', 'ECXFS2024072', 7, '2024-04-26 07:06:50', '2024-04-27 04:00:00', 'claimed'),
(556, '22110712', 'ECXFS2024212', 7, '2024-04-26 07:08:19', '2024-04-27 04:00:00', 'claimed'),
(557, '23011812', 'ECXFS2024189', 7, '2024-04-26 07:12:54', '2024-04-27 04:00:00', 'claimed'),
(558, '23010314', 'ECXFS2024109', 7, '2024-04-26 07:16:31', '2024-04-27 04:00:00', 'claimed'),
(559, '22030601', 'ECXFS2024071', 7, '2024-04-26 07:18:50', '2024-04-27 04:00:00', 'claimed'),
(560, '22090601', 'ECXFS2024148', 3, '2024-04-26 07:19:15', '2024-04-27 04:00:00', 'claimed'),
(561, '230629311', 'ECXFS2024160', 3, '2024-04-26 07:33:36', '2024-04-27 04:00:00', 'claimed'),
(562, '22110715', 'ECXFS2024090', 7, '2024-04-26 07:33:44', '2024-04-27 04:00:00', 'claimed'),
(563, '22111418', 'ECXFS2024137', 7, '2024-04-26 07:38:50', '2024-04-27 04:00:00', 'claimed'),
(564, '22090902', 'ECXFS2024077', 7, '2024-04-26 07:40:34', '2024-04-27 04:00:00', 'claimed'),
(565, '22032801', 'ECXFS2024123', 7, '2024-04-26 07:42:05', '2024-04-27 04:00:00', 'claimed'),
(566, '22060602', 'ECXFS2024084', 7, '2024-04-26 07:48:33', '2024-04-27 04:00:00', 'claimed'),
(567, '23040503', 'ECXFS2024045', 7, '2024-04-26 07:56:06', '2024-04-27 04:00:00', 'claimed'),
(568, '22110718', 'ECXFS2024194', 7, '2024-04-26 07:59:43', '2024-04-27 04:00:00', 'claimed'),
(569, '22042701', 'ECXFS2024012', 7, '2024-04-26 08:00:37', '2024-04-28 04:00:00', 'claimed'),
(570, '22053005', 'ECXFS2024168', 3, '2024-04-26 08:00:52', '2024-04-28 04:00:00', 'claimed'),
(571, '22053004', 'ECXFS2024231', 7, '2024-04-26 08:01:34', '2024-04-28 04:00:00', 'claimed'),
(572, '22062004', 'ECXFS2024057', 7, '2024-04-26 08:03:31', '2024-04-28 04:00:00', 'claimed'),
(573, '22053008', 'ECXFS2024014', 3, '2024-04-26 08:06:14', '2024-04-28 04:00:00', 'claimed'),
(574, '23021003', 'ECXFS2024082', 7, '2024-04-26 08:06:25', '2024-04-28 04:00:00', 'claimed'),
(575, '23010308', 'ECXFS2024027', 7, '2024-04-26 08:12:21', '2024-04-28 04:00:00', 'claimed'),
(576, '22111409', 'ECXFS2024190', 7, '2024-04-26 08:14:27', '2024-04-28 04:00:00', 'claimed'),
(577, '23011808', 'ECXFS2024237', 7, '2024-04-26 08:15:39', '2024-04-28 04:00:00', 'claimed'),
(578, '230729521', 'ECXFS2024166', 3, '2024-04-26 08:17:01', '2024-04-28 04:00:00', 'claimed'),
(579, '23011801', 'ECSFS2024022', 7, '2024-04-26 08:19:52', '2024-04-28 04:00:00', 'claimed'),
(580, '21120604', 'ECXFS2024167', 3, '2024-04-26 08:19:57', '2024-04-28 04:00:00', 'claimed'),
(581, '22070703', 'ECXFS2024141', 3, '2024-04-26 08:21:56', '2024-04-28 04:00:00', 'claimed'),
(582, '22031201', 'ECSFS2024002', 7, '2024-04-26 08:21:58', '2024-04-28 04:00:00', 'claimed'),
(583, '22070702', 'ECXFS2024044', 7, '2024-04-26 08:22:59', '2024-04-28 04:00:00', 'claimed'),
(584, '23011803', 'ECXFS2024075', 3, '2024-04-26 08:23:28', '2024-04-28 04:00:00', 'claimed'),
(585, '22070701', 'ECXFS2024023', 7, '2024-04-26 08:24:10', '2024-04-28 04:00:00', 'claimed'),
(586, '230629482', 'ECXFS2024224', 7, '2024-04-26 08:26:07', '2024-04-28 04:00:00', 'claimed'),
(587, '230629477', 'ECXFS2024164', 7, '2024-04-26 08:28:23', '2024-04-28 04:00:00', 'claimed'),
(588, '21111702', 'ECXFS2024225', 3, '2024-04-26 08:28:59', '2024-04-28 04:00:00', 'claimed'),
(589, '23021001', 'ECXFS2024079', 7, '2024-04-26 08:30:57', '2024-04-28 04:00:00', 'claimed'),
(590, '23021006', 'ECXFS2024200', 7, '2024-04-26 08:33:15', '2024-04-28 04:00:00', 'claimed'),
(591, '230629425', 'ECXFS2024035', 7, '2024-04-26 08:37:44', '2024-04-28 04:00:00', 'claimed'),
(592, '22110717', 'ECXFS2024001', 3, '2024-04-26 08:40:31', '2024-04-28 04:00:00', 'claimed'),
(593, '230629494', 'ECXFS2024040', 3, '2024-04-26 08:52:49', '2024-04-28 04:00:00', 'claimed'),
(594, '22072703', 'ECXFS2024073', 3, '2024-04-26 08:54:26', '2024-04-28 04:00:00', 'claimed'),
(595, '230629454', 'ECXFS2024210', 7, '2024-04-26 09:08:35', '2024-04-28 04:00:00', 'claimed'),
(596, '230629480', 'ECXFS2024192', 7, '2024-04-26 09:09:45', '2024-04-28 04:00:00', 'claimed'),
(597, '22112306', 'ECXFS2024118', 7, '2024-04-26 09:20:14', '2024-04-28 04:00:00', 'claimed'),
(598, '22012102', 'ECXFS2024151', 7, '2024-04-26 09:25:28', '2024-04-28 04:00:00', 'claimed'),
(599, '230627422', 'ECXFS2024065', 7, '2024-04-26 09:37:57', '2024-04-28 04:00:00', 'claimed'),
(600, '23030107', 'ECXFS2024104', 7, '2024-04-26 09:39:53', '2024-04-28 04:00:00', 'claimed'),
(601, '23021403', 'ECXFS2024069', 7, '2024-04-26 09:45:39', '2024-04-28 04:00:00', 'claimed'),
(602, '230629481', 'ECXFS2024172', 7, '2024-04-26 10:00:31', '2024-04-28 04:00:00', 'claimed'),
(603, '230629413', 'ECXFS2024064', 7, '2024-04-26 10:12:29', '2024-04-28 04:00:00', 'claimed'),
(604, '22032103', 'ECXFS2024080', 7, '2024-04-26 10:29:37', '2024-04-28 04:00:00', 'claimed'),
(605, '22090502', 'ECXFS2024162', 7, '2024-04-26 10:31:34', '2024-04-28 04:00:00', 'claimed'),
(606, '22032806', 'ECXFS2024135', 7, '2024-04-26 10:32:19', '2024-04-28 04:00:00', 'claimed'),
(607, '21111703', 'ECXFS2024145', 7, '2024-04-26 10:35:42', '2024-04-28 04:00:00', 'claimed'),
(608, '23021506', 'ECXFS2024184', 7, '2024-04-26 10:43:39', '2024-04-28 04:00:00', 'claimed'),
(609, '21120605', 'ECXFS2024019', 7, '2024-04-26 10:45:52', '2024-04-28 04:00:00', 'claimed'),
(610, '230629419', 'ECXFS2024238', 7, '2024-04-26 10:47:27', '2024-04-28 04:00:00', 'claimed'),
(611, '22062701', 'ECXFS2024158', 7, '2024-04-26 10:49:29', '2024-04-28 04:00:00', 'claimed'),
(612, '230626403', 'ECXFS2024056', 7, '2024-04-26 10:52:22', '2024-04-28 04:00:00', 'claimed'),
(613, '22080101', 'ECXFS2024221', 7, '2024-04-26 10:54:13', '2024-04-28 04:00:00', 'claimed'),
(614, '23030703', 'ECXFS2024130', 7, '2024-04-26 10:58:51', '2024-04-28 04:00:00', 'claimed'),
(615, '22060101', 'ECXFS2024181', 7, '2024-04-26 11:04:04', '2024-04-28 04:00:00', 'claimed'),
(616, '22030106', 'ECXFS2024015', 7, '2024-04-26 11:16:16', '2024-04-28 04:00:00', 'claimed'),
(617, '22052301', 'ECXFS2024094', 7, '2024-04-26 11:18:01', '2024-04-28 04:00:00', 'claimed'),
(618, '22112501', 'ECXFS2024116', 7, '2024-04-26 11:24:07', '2024-04-28 04:00:00', 'claimed'),
(619, '230629426', 'ECXFS2024085', 7, '2024-04-26 11:34:18', '2024-04-28 04:00:00', 'claimed'),
(620, '22053002', 'ECXFS2024037', 7, '2024-04-26 11:40:38', '2024-04-28 04:00:00', 'claimed'),
(621, '22053007', 'ECXFS2024223', 7, '2024-04-26 11:41:40', '2024-04-28 04:00:00', 'claimed'),
(622, '23011809', 'ECXFS2024046', 7, '2024-04-26 11:42:56', '2024-04-28 04:00:00', 'claimed'),
(623, '22111415', 'ECXFS2024229', 7, '2024-04-26 11:46:17', '2024-04-28 04:00:00', 'claimed'),
(624, '22012103', 'ECXFS2024219', 7, '2024-04-26 11:50:06', '2024-04-28 04:00:00', 'claimed'),
(625, '23010307', 'ECXFS2024062', 7, '2024-04-26 11:57:24', '2024-04-28 04:00:00', 'claimed');

-- --------------------------------------------------------

--
-- Table structure for table `coupons`
--

CREATE TABLE `coupons` (
  `id` int(11) NOT NULL,
  `coupon_code` varchar(255) NOT NULL,
  `coupon_value` int(11) DEFAULT NULL,
  `owner_id` varchar(255) DEFAULT NULL,
  `created_at` timestamp NULL DEFAULT current_timestamp(),
  `updated_at` timestamp NULL DEFAULT NULL
) ENGINE=InnoDB DEFAULT CHARSET=utf8mb4 COLLATE=utf8mb4_general_ci;

--
-- Dumping data for table `coupons`
--

INSERT INTO `coupons` (`id`, `coupon_code`, `coupon_value`, `owner_id`, `created_at`, `updated_at`) VALUES
(1, 'ECXFS2024003', 60, '22112303', '2024-04-03 21:40:17', NULL),
(2, 'ECSFS202400', 50, '22110702', '2024-04-03 21:40:17', NULL),
(3, 'FNBFS2024002', 50, '230629471', '2024-04-03 21:40:17', NULL),
(4, 'ECXFS2024081', 60, '230629547', '2024-04-03 21:40:17', NULL),
(5, 'FNBFS2024003', 50, '230629490', '2024-04-03 21:40:17', NULL),
(6, 'ECXFS2024082', 60, '23021003', '2024-04-03 21:40:17', NULL),
(7, 'ECXFS2024001', 60, '22110717', '2024-04-03 21:40:17', NULL),
(8, 'FNBFS2024004', 50, '22110404', '2024-04-03 21:40:17', NULL),
(9, 'ECXFS2024083', 60, '230629643', '2024-04-03 21:40:17', NULL),
(10, 'FNBFS2024005', 50, '230629467', '2024-04-03 21:40:17', NULL),
(11, 'ECXFS2024002', 60, '230629615', '2024-04-03 21:40:17', NULL),
(12, 'FNBFS2024006', 50, '230629468', '2024-04-03 21:40:17', NULL),
(13, 'ECXFS2024084', 60, '22060602', '2024-04-03 21:40:17', NULL),
(14, 'FNBFS2024007', 50, '23013101', '2024-04-03 21:40:17', NULL),
(15, 'ECXFS2024168', 60, '22053005', '2024-04-03 21:40:17', NULL),
(16, 'ECXFS2024085', 60, '230629426', '2024-04-03 21:40:17', NULL),
(17, 'ECXFS2024004', 60, '23040502', '2024-04-03 23:01:11', NULL),
(18, 'FNBFS2024008', 50, '230629532', '2024-04-03 23:01:11', NULL),
(19, 'ECXFS2024169', 60, '230629647', '2024-04-03 23:01:11', NULL),
(20, 'ECXFS2024086', 60, '230629573', '2024-04-03 23:01:11', NULL),
(21, 'ECXFS2024005', 60, '22111414', '2024-04-03 23:01:11', NULL),
(22, 'ECXFS2024170', 60, '23010306', '2024-04-03 23:01:11', NULL),
(23, 'ECXFS2024087', 60, '22072704', '2024-04-03 23:01:11', NULL),
(24, 'FNBFS2024009', 50, '230629515', '2024-04-03 23:01:11', NULL),
(25, 'ECXFS2024006', 60, '230629580', '2024-04-03 23:01:11', NULL),
(26, 'ECXFS2024088', 60, '230629577', '2024-04-03 23:01:11', NULL),
(27, 'FNBFS20240010', 50, '22110401', '2024-04-03 23:01:11', NULL),
(28, 'ECXFS2024089', 60, '230629610', '2024-04-03 23:01:11', NULL),
(29, 'ECXFS2024171', 60, '23021701', '2024-04-03 23:01:11', NULL),
(30, 'FNBFS20240011', 50, '22110403', '2024-04-03 23:01:11', NULL),
(31, 'ECXFS2024007', 60, '230629414', '2024-04-03 23:01:11', NULL),
(32, 'ECXFS2024090', 60, '22110715', '2024-04-03 23:01:11', NULL),
(33, 'FNBFS20240012', 50, '230629411', '2024-04-03 23:01:11', NULL),
(34, 'ECXFS2024172', 60, '230629481', '2024-04-03 23:01:11', NULL),
(35, 'ECXFS2024008', 60, '230629663', '2024-04-03 23:01:11', NULL),
(36, 'ECXFS2024091', 60, '230629554', '2024-04-03 23:01:11', NULL),
(37, 'FNBFS20240013', 50, '230601', '2024-04-03 23:01:11', NULL),
(38, 'ECXFS2024173', 60, '220660604', '2024-04-03 23:01:11', NULL),
(39, 'ECXFS2024092', 60, '230629520 ', '2024-04-03 23:01:11', NULL),
(40, 'FNBFS20240014', 50, '23010305', '2024-04-03 23:01:11', NULL),
(41, 'ECXFS2024093', 60, '230629655', '2024-04-03 23:01:11', NULL),
(42, 'FNBFS20240015', 50, '23010701', '2024-04-03 23:01:11', NULL),
(43, 'ECXFS2024174', 60, '23021004', '2024-04-03 23:01:11', NULL),
(44, 'ECXFS2024094', 60, '22052301', '2024-04-03 23:01:11', NULL),
(45, 'FNBFS20240016', 50, '23062302', '2024-04-03 23:01:11', NULL),
(46, 'ECXFS2024009', 60, '22060603', '2024-04-03 23:01:11', NULL),
(47, 'ECXFS2024175', 60, '22110709', '2024-04-03 23:01:11', NULL),
(48, 'ECXFS2024095', 60, '230629544', '2024-04-03 23:01:11', NULL),
(49, 'FNBFS20240017', 50, '23062101', '2024-04-03 23:01:11', NULL),
(50, 'ECXFS2024176', 60, '230629654', '2024-04-03 23:01:11', NULL),
(51, 'ECXFS2024096', 60, '230629660', '2024-04-03 23:01:11', NULL),
(52, 'ECXFS2024010', 60, '230629632', '2024-04-03 23:01:11', NULL),
(53, 'FNBFS20240018', 50, '23062001', '2024-04-03 23:01:11', NULL),
(54, 'ECXFS2024177', 60, '230629556', '2024-04-03 23:01:11', NULL),
(55, 'ECXFS2024097', 60, '230629479', '2024-04-03 23:01:11', NULL),
(56, 'FNBFS20240019', 50, '23042102', '2024-04-03 23:01:11', NULL),
(57, 'ECXFS2024011', 60, '230629540', '2024-04-03 23:01:11', NULL),
(58, 'ECXFS2024098', 60, '230629546', '2024-04-03 23:01:11', NULL),
(59, 'ECXFS2024178', 60, '230629639', '2024-04-03 23:01:11', NULL),
(60, 'ECXFS2024099', 60, '230629567', '2024-04-03 23:01:11', NULL),
(61, 'ECXFS2024179', 60, '23021504', '2024-04-03 23:01:11', NULL),
(62, 'ECXFS2024012', 60, '22042701 ', '2024-04-03 23:01:11', NULL),
(63, 'FNBFS20240020', 50, '22111301', '2024-04-03 23:01:11', NULL),
(64, 'FNBFS20240021', 50, '23022102', '2024-04-03 23:01:11', NULL),
(65, 'ECXFS2024100', 60, '22053001', '2024-04-03 23:01:11', NULL),
(66, 'ECXFS2024180', 60, '230629558', '2024-04-03 23:01:11', NULL),
(67, 'FNBFS20240022', 50, '23061901', '2024-04-03 23:01:11', NULL),
(68, 'ECXFS2024181', 60, '22060101', '2024-04-03 23:01:11', NULL),
(69, 'FNBFS20240023', 50, '23030303', '2024-04-03 23:01:11', NULL),
(70, 'ECXFS2024101', 60, '23030605', '2024-04-03 23:01:11', NULL),
(71, 'ECXFS2024013', 60, '22112102', '2024-04-03 23:01:11', NULL),
(72, 'FNBFS20240024', 50, '23062002', '2024-04-03 23:01:11', NULL),
(73, 'ECXFS2024182', 60, '230629629', '2024-04-03 23:01:11', NULL),
(74, 'ECXFS2024102', 60, '230629576', '2024-04-03 23:01:11', NULL),
(75, 'ECXFS2024014', 60, '22053008', '2024-04-03 23:01:11', NULL),
(76, 'FNBFS20240025', 50, '23052902', '2024-04-03 23:01:11', NULL),
(77, 'ECXFS2024103', 60, '230629417', '2024-04-03 23:01:11', NULL),
(78, 'ECXFS2024183', 60, '22062003', '2024-04-03 23:01:11', NULL),
(79, 'FNBFS20240026', 50, '230629531', '2024-04-03 23:01:11', NULL),
(80, 'ECXFS2024104', 60, '23030107', '2024-04-03 23:01:11', NULL),
(81, 'ECXFS2024184', 60, '23021506', '2024-04-03 23:01:11', NULL),
(82, 'ECXFS2024015', 60, '22030106', '2024-04-03 23:01:11', NULL),
(83, 'FNBFS20240027', 50, '22062001', '2024-04-03 23:01:11', NULL),
(84, 'ECXFS2024105', 60, '230629636', '2024-04-03 23:01:11', NULL),
(85, 'FNBFS20240028', 50, '23052903', '2024-04-03 23:01:11', NULL),
(86, 'ECXFS2024185', 60, '230629572', '2024-04-03 23:01:11', NULL),
(87, 'ECXFS2024016', 60, '230629657', '2024-04-03 23:01:11', NULL),
(88, 'ECXFS2024106', 60, '22111423', '2024-04-03 23:01:11', NULL),
(89, 'ECXFS2024186', 60, '230629627', '2024-04-03 23:01:11', NULL),
(90, 'FNBFS20240029', 50, '22110410', '2024-04-03 23:01:11', NULL),
(91, 'ECXFS2024107', 60, '230629543', '2024-04-03 23:01:11', NULL),
(92, 'ECXFS2024017', 60, '230629545', '2024-04-03 23:01:11', NULL),
(93, 'ECXFS2024187', 60, '22112304', '2024-04-03 23:01:11', NULL),
(94, 'ECXFS2024108', 60, '23021602', '2024-04-03 23:01:11', NULL),
(95, 'ECXFS2024188', 60, '230629614', '2024-04-03 23:01:11', NULL),
(96, 'ECXFS2024189', 60, '23011812', '2024-04-03 23:01:11', NULL),
(97, 'ECXFS2024018', 60, '230629497', '2024-04-03 23:01:11', NULL),
(98, 'ECXFS2024109', 60, '23010314', '2024-04-03 23:01:11', NULL),
(99, 'ECXFS2024190', 60, '22111409', '2024-04-03 23:01:11', NULL),
(100, 'ECXFS2024019', 60, '21120605', '2024-04-03 23:01:11', NULL),
(101, 'ECXFS2024110', 60, '22111419', '2024-04-03 23:01:11', NULL),
(102, 'ECXFS2024191', 60, '230626406', '2024-04-03 23:01:11', NULL),
(103, 'ECXFS2024111', 60, '230629581', '2024-04-03 23:01:11', NULL),
(104, 'ECXFS2024020', 60, '22110713 ', '2024-04-03 23:01:11', NULL),
(105, 'ECXFS2024192', 60, '230629480', '2024-04-03 23:01:11', NULL),
(106, 'ECXFS2024112', 60, '230629483 ', '2024-04-03 23:01:11', NULL),
(107, 'ECXFS2024021', 60, '23010316', '2024-04-03 23:01:11', NULL),
(108, 'ECXFS2024113', 60, '230629456 ', '2024-04-03 23:01:11', NULL),
(109, 'ECXFS2024022', 60, '230629641', '2024-04-03 23:01:11', NULL),
(110, 'ECXFS2024193', 60, '21111701', '2024-04-03 23:01:11', NULL),
(111, 'ECXFS2024114', 60, '230629562', '2024-04-03 23:01:11', NULL),
(112, 'ECXFS2024194', 60, '22110718', '2024-04-03 23:01:11', NULL),
(113, 'ECXFS2024023', 60, '22070701', '2024-04-03 23:01:11', NULL),
(114, 'ECXFS2024115', 60, '230629570', '2024-04-03 23:01:11', NULL),
(115, 'ECXFS2024195', 60, '230629495', '2024-04-03 23:01:11', NULL),
(116, 'ECXFS2024116', 60, '22112501', '2024-04-03 23:01:11', NULL),
(117, 'ECXFS2024196', 60, '22110711', '2024-04-03 23:01:11', NULL),
(118, 'ECXFS2024024', 60, '230629662', '2024-04-03 23:01:11', NULL),
(119, 'ECXFS2024117', 60, '230629611', '2024-04-03 23:01:11', NULL),
(120, 'ECXFS2024118', 60, '22112306', '2024-04-03 23:01:11', NULL),
(121, 'ECXFS2024197', 60, '230629522', '2024-04-03 23:01:11', NULL),
(122, 'ECXFS2024025', 60, '22110704', '2024-04-03 23:01:11', NULL),
(123, 'ECXFS2024198', 60, '22042801', '2024-04-03 23:01:11', NULL),
(124, 'FNBFS20240030', 50, '23041501', '2024-04-03 23:01:11', NULL),
(125, 'ECXFS2024026', 60, '230629649', '2024-04-03 23:01:11', NULL),
(126, 'ECXFS2024119', 60, '230629658', '2024-04-03 23:01:11', NULL),
(127, 'ECXFS2024199', 60, '230629527', '2024-04-03 23:01:11', NULL),
(128, 'FNBFS20240031', 50, '230629489', '2024-04-03 23:01:11', NULL),
(129, 'ECXFS2024120', 60, '230629550', '2024-04-03 23:01:11', NULL),
(130, 'ECXFS2024027', 60, '23010308', '2024-04-03 23:01:11', NULL),
(131, 'ECXFS2024200', 60, '23021006', '2024-04-03 23:01:11', NULL),
(132, 'ECXFS2024121', 60, '230629666 ', '2024-04-03 23:01:11', NULL),
(133, 'FNBFS20240032', 50, '230629686', '2024-04-03 23:01:11', NULL),
(134, 'ECXFS2024028', 60, '230629526', '2024-04-03 23:01:11', NULL),
(135, 'ECXFS2024201', 60, '230629644', '2024-04-03 23:01:11', NULL),
(136, 'ECXFS2024122', 60, '230629626', '2024-04-03 23:01:11', NULL),
(137, 'ECXFS2024029', 60, '230629653', '2024-04-03 23:01:11', NULL),
(138, 'ECXFS2024202', 60, '230629571', '2024-04-03 23:01:11', NULL),
(139, 'ECXFS2024030', 60, '230629568 ', '2024-04-03 23:01:11', NULL),
(140, 'ECXFS2024123', 60, '22032801 ', '2024-04-03 23:01:11', NULL),
(141, 'ECXFS2024124', 60, '22122106', '2024-04-03 23:01:11', NULL),
(142, 'ECXFS2024203', 60, '230629519', '2024-04-03 23:01:11', NULL),
(143, 'ECXFS2024125', 60, '230629552', '2024-04-03 23:01:11', NULL),
(144, 'ECXFS2024204', 60, '230629650', '2024-04-03 23:01:11', NULL),
(145, 'ECXFS2024126', 60, '22032804', '2024-04-03 23:01:11', NULL),
(146, 'ECXFS2024031', 60, '22112402', '2024-04-03 23:01:11', NULL),
(147, 'ECXFS2024205', 60, '23021502', '2024-04-03 23:01:11', NULL),
(148, 'ECXFS2024127', 60, '23011602', '2024-04-03 23:01:11', NULL),
(149, 'ECXFS2024032', 60, '23033001', '2024-04-03 23:01:11', NULL),
(150, 'ECXFS2024206', 60, '230629624', '2024-04-03 23:01:11', NULL),
(151, 'ECXFS2024033', 60, '230629635', '2024-04-03 23:01:11', NULL),
(152, 'ECXFS2024128', 60, '230629612', '2024-04-03 23:01:11', NULL),
(153, 'ECXFS2024207', 60, '230629402', '2024-04-03 23:01:11', NULL),
(154, 'ECXFS2024129', 60, '230629578', '2024-04-03 23:01:11', NULL),
(155, 'ECXFS2024034', 60, '230629553', '2024-04-03 23:01:11', NULL),
(156, 'ECXFS2024208', 60, '230629631', '2024-04-03 23:01:11', NULL),
(157, 'ECXFS2024130', 60, '23030703 ', '2024-04-03 23:01:11', NULL),
(158, 'ECXFS2024131', 60, '230629420', '2024-04-03 23:01:11', NULL),
(159, 'ECXFS2024035', 60, '230629425', '2024-04-03 23:01:11', NULL),
(160, 'ECXFS2024209', 60, '230629538', '2024-04-03 23:01:11', NULL),
(161, 'ECXFS2024132', 60, '23011813', '2024-04-03 23:01:11', NULL),
(162, 'ECXFS2024210', 60, '230629454', '2024-04-03 23:01:11', NULL),
(163, 'ECXFS2024036', 60, '230629418', '2024-04-03 23:01:11', NULL),
(164, 'ECXFS2024133', 60, '230629500 ', '2024-04-03 23:01:11', NULL),
(165, 'ECXFS2024211', 60, '22090602', '2024-04-03 23:01:11', NULL),
(166, 'ECXFS2024134', 60, '230629458 ', '2024-04-03 23:01:11', NULL),
(167, 'ECXFS2024037', 60, '22053002', '2024-04-03 23:01:11', NULL),
(168, 'ECXFS2024212', 60, '22110712', '2024-04-03 23:01:11', NULL),
(169, 'ECXFS2024135', 60, '22032806', '2024-04-03 23:01:11', NULL),
(170, 'ECXFS2024213', 60, '22111417', '2024-04-03 23:01:11', NULL),
(171, 'ECXFS2024038', 60, '230629549', '2024-04-03 23:01:11', NULL),
(172, 'ECXFS2024214', 60, '230629557', '2024-04-03 23:01:11', NULL),
(173, 'ECXFS2024136', 60, '230629484', '2024-04-03 23:01:11', NULL),
(174, 'ECXFS2024039', 60, '230629555', '2024-04-03 23:01:11', NULL),
(175, 'ECXFS2024215', 60, '230629575', '2024-04-03 23:01:11', NULL),
(176, 'ECXFS2024137', 60, '22111418', '2024-04-03 23:01:11', NULL),
(177, 'ECXFS2024216', 60, '230629523', '2024-04-03 23:01:11', NULL),
(178, 'ECXFS2024040', 60, '230629494', '2024-04-03 23:01:11', NULL),
(179, 'ECXFS2024138', 60, '22111411 ', '2024-04-03 23:01:11', NULL),
(180, 'ECXFS2024217', 60, '22070403', '2024-04-03 23:01:11', NULL),
(181, 'ECXFS2024041', 60, '230626405', '2024-04-03 23:01:11', NULL),
(182, 'ECXFS2024139', 60, '230629637', '2024-04-03 23:01:11', NULL),
(183, 'ECXFS2024218', 60, '23011804', '2024-04-03 23:01:11', NULL),
(184, 'ECXFS2024140', 60, '230629651', '2024-04-03 23:01:11', NULL),
(185, 'ECXFS2024219', 60, '22012103', '2024-04-03 23:01:11', NULL),
(186, 'ECXFS2024141', 60, '22070703', '2024-04-03 23:01:11', NULL),
(187, 'ECXFS2024042', 60, '22111412', '2024-04-03 23:01:11', NULL),
(188, 'ECXFS2024220', 60, '22110902', '2024-04-03 23:01:11', NULL),
(189, 'ECXFS2024142', 60, '23021507', '2024-04-03 23:01:11', NULL),
(190, 'ECXFS2024043', 60, '230629457', '2024-04-03 23:01:11', NULL),
(191, 'ECXFS2024221', 60, '22080101', '2024-04-03 23:01:11', NULL),
(192, 'ECXFS2024143', 60, '230629661', '2024-04-03 23:01:11', NULL),
(193, 'ECXFS2024044', 60, '22070702', '2024-04-03 23:01:11', NULL),
(194, 'ECXFS2024222', 60, '230629574', '2024-04-03 23:01:11', NULL),
(195, 'ECXFS2024144', 60, '230629455 ', '2024-04-03 23:01:11', NULL),
(196, 'ECXFS2024045', 60, '23040503', '2024-04-03 23:01:11', NULL),
(197, 'ECXFS2024223', 60, '22053007', '2024-04-03 23:01:11', NULL),
(198, 'ECXFS2024145', 60, '21111703', '2024-04-03 23:01:11', NULL),
(199, 'ECXFS2024046', 60, '23011809', '2024-04-03 23:01:11', NULL),
(200, 'ECXFS2024224', 60, '230629482', '2024-04-03 23:01:11', NULL),
(201, 'ECXFS2024146', 60, '230629634', '2024-04-03 23:01:11', NULL),
(202, 'ECXFS2024047', 60, '23030701', '2024-04-03 23:01:11', NULL),
(203, 'ECXFS2024225', 60, '21111702', '2024-04-03 23:01:11', NULL),
(204, 'ECXFS2024147', 60, '22110201', '2024-04-03 23:01:11', NULL),
(205, 'ECXFS2024148', 60, '22090601', '2024-04-03 23:01:11', NULL),
(206, 'ECXFS2024048', 60, '230629648', '2024-04-03 23:01:11', NULL),
(207, 'ECXFS2024226', 60, '22042202', '2024-04-03 23:01:11', NULL),
(208, 'ECSTXFS2024001', 60, '21110401', '2024-04-03 23:01:11', NULL),
(209, 'ECXFS2024149', 60, '230629608', '2024-04-03 23:01:11', NULL),
(210, 'ECXFS2024049', 60, '23030603', '2024-04-03 23:01:11', NULL),
(211, 'ECSTXFS2024002', 60, '22110901', '2024-04-03 23:01:11', NULL),
(212, 'ECXFS2024227', 60, '230629642', '2024-04-03 23:01:11', NULL),
(213, 'ECXFS2024150', 60, '22030108 ', '2024-04-03 23:01:11', NULL),
(214, 'ECSTXFS2024003', 60, '230629408', '2024-04-03 23:01:11', NULL),
(215, 'ECXFS2024151', 60, '22012102', '2024-04-03 23:01:11', NULL),
(216, 'ECXFS2024228', 60, '230629525', '2024-04-03 23:01:11', NULL),
(217, 'ECXFS2024152', 60, '22032110', '2024-04-03 23:01:11', NULL),
(218, 'ECSTXFS2024004', 60, '2200007x', '2024-04-03 23:01:11', NULL),
(219, 'ECXFS2024229', 60, '22111415', '2024-04-03 23:01:11', NULL),
(220, 'ECXFS2024050', 60, '230629539', '2024-04-03 23:01:11', NULL),
(221, 'ECXFS2024051', 60, '230629638', '2024-04-03 23:01:11', NULL),
(222, 'ECSTXFS2024005', 60, '21122001', '2024-04-03 23:01:11', NULL),
(223, 'ECXFS2024230', 60, '230629529', '2024-04-03 23:01:11', NULL),
(224, 'ECXFS2024153', 60, '230629625', '2024-04-03 23:01:11', NULL),
(225, 'ECSTXFS2024006', 60, '230629406', '2024-04-03 23:01:11', NULL),
(226, 'ECXFS2024231', 60, '22053004', '2024-04-03 23:01:11', NULL),
(227, 'ECXFS2024154', 60, '230629563', '2024-04-03 23:01:11', NULL),
(228, 'ECXFS2024052', 60, '21093001', '2024-04-03 23:01:11', NULL),
(229, 'ECSTXFS2024007', 60, '230629440', '2024-04-03 23:01:11', NULL),
(230, 'ECXFS2024232', 60, '230629559', '2024-04-03 23:01:11', NULL),
(231, 'ECXFS2024155', 60, '230629605', '2024-04-03 23:01:11', NULL),
(232, 'ECSTXFS2024008', 60, '230629430', '2024-04-03 23:01:11', NULL),
(233, 'ECXFS2024156', 60, '230629616', '2024-04-03 23:01:11', NULL),
(234, 'ECXFS2024053', 60, '23030606', '2024-04-03 23:01:11', NULL),
(235, 'ECXFS2024233', 60, '230629646', '2024-04-03 23:01:11', NULL),
(236, 'ECXFS2024054', 60, '230629640', '2024-04-03 23:01:11', NULL),
(237, 'ECXFS2024157', 60, '23011815', '2024-04-03 23:01:11', NULL),
(238, 'ECXFS2024234', 60, '23010309', '2024-04-03 23:01:11', NULL),
(239, 'ECXFS2024055', 60, '230629659', '2024-04-03 23:01:11', NULL),
(240, 'ECXFS2024158', 60, '22062701', '2024-04-03 23:01:11', NULL),
(241, 'ECXFS2024056', 60, '230626403', '2024-04-03 23:01:11', NULL),
(242, 'ECXFS2024159', 60, '22112801', '2024-04-03 23:01:11', NULL),
(243, 'ECXFS2024235', 60, '21121302', '2024-04-03 23:01:11', NULL),
(244, 'ECXFS2024057', 60, '22062004', '2024-04-03 23:01:11', NULL),
(245, 'ECXFS2024058', 60, '22110720', '2024-04-03 23:01:11', NULL),
(246, 'ECCFFS2024001', 50, '230629434', '2024-04-03 23:01:11', NULL),
(247, 'ECXFS2024059', 60, '230629446', '2024-04-03 23:01:11', NULL),
(248, 'ECCFFS2024002', 50, '23012401', '2024-04-03 23:01:11', NULL),
(249, 'ECXFS2024060', 60, '21120602', '2024-04-03 23:01:11', NULL),
(250, 'ECCFFS2024003', 50, '22111603', '2024-04-03 23:01:11', NULL),
(251, 'ECCFFS2024004', 50, '23050901', '2024-04-03 23:01:11', NULL),
(252, 'ECXFS2024236', 60, '22072702', '2024-04-03 23:01:33', NULL),
(253, 'ECXFS2024161', 60, '230629613', '2024-04-03 23:02:10', NULL),
(254, 'ECXFS2024237', 60, '23011808', '2024-04-03 23:02:35', NULL),
(255, 'ECCFFS2024006', 50, '23061801', '2024-04-03 23:02:41', NULL),
(256, 'ECXFS2024061', 60, '230629569', '2024-04-03 23:02:53', NULL),
(257, 'ECXFS2024162', 60, '22090502', '2024-04-03 23:03:01', NULL),
(258, 'ECXFS2024238', 60, '230629419', '2024-04-03 23:03:22', NULL),
(259, 'ECXFS2024062', 60, '23010307 ', '2024-04-03 23:03:23', NULL),
(260, 'ECCFFS2024008', 50, '02022501', '2024-04-03 23:03:39', NULL),
(261, 'ECXFS2024063', 60, '22122103', '2024-04-03 23:03:52', NULL),
(262, 'ECXFS2024163', 60, '23011811', '2024-04-03 23:03:53', NULL),
(263, 'ECXFS2024064', 60, '230629413', '2024-04-03 23:04:22', NULL),
(264, 'ECXFS2024164', 60, '230629477', '2024-04-03 23:04:41', NULL),
(265, 'ECXFS2024065', 60, '230627422', '2024-04-03 23:04:46', NULL),
(266, 'ECXFS2024165', 60, '230629518', '2024-04-03 23:05:32', NULL),
(267, 'ECXFS2024066', 60, '230629652', '2024-04-03 23:05:37', NULL),
(268, 'ECCFFS2024009', 50, '230629669', '2024-04-03 23:05:49', NULL),
(269, 'ECXFS2024067', 60, '230629551', '2024-04-03 23:06:38', NULL),
(270, 'ECCFFS2024010', 50, '23032101', '2024-04-03 23:06:48', NULL),
(271, 'ECXFS2024068', 60, '230629517', '2024-04-03 23:07:11', NULL),
(272, 'ECXFS2024167', 60, '21120604', '2024-04-03 23:07:18', NULL),
(273, 'ECCFFS2024011', 50, '230629450', '2024-04-03 23:07:51', NULL),
(274, 'ECXFS2024069', 60, '23021403', '2024-04-03 23:07:52', NULL),
(275, 'ECXFS2024070', 60, '23010310', '2024-04-03 23:08:19', NULL),
(276, 'ECXFS2024071', 60, '22030601', '2024-04-03 23:08:46', NULL),
(277, 'ECCFFS2024012', 50, '230629492', '2024-04-03 23:09:04', NULL),
(278, 'ECXFS2024072', 60, '22112401', '2024-04-03 23:09:14', NULL),
(279, 'ECXFS2024073', 60, '22072703', '2024-04-03 23:09:50', NULL),
(280, 'ECCFFS2024013', 50, '230629505', '2024-04-03 23:10:03', NULL),
(281, 'ECXFS2024074', 60, '230629607', '2024-04-03 23:10:38', NULL),
(282, 'ECCFFS2024014', 50, '230629473', '2024-04-03 23:10:51', NULL),
(283, 'ECXFS2024075', 60, '23011803', '2024-04-03 23:11:17', NULL),
(284, 'ECXFS2024076', 60, '230629566', '2024-04-03 23:12:07', NULL),
(285, 'ECCFFS2024015', 50, '230629687', '2024-04-03 23:12:12', NULL),
(286, 'ECCFFS2024016', 50, '23012306', '2024-04-03 23:13:45', NULL),
(287, 'ECXFS2024078', 60, '21111103', '2024-04-03 23:14:18', NULL),
(288, 'ECXFS2024079', 60, '23021001', '2024-04-03 23:14:44', NULL),
(289, 'ECCFFS2024017', 50, '23061902', '2024-04-03 23:15:01', NULL),
(290, 'ECXFS2024080', 60, '22032103', '2024-04-03 23:15:06', NULL),
(291, 'ECCFFS2024018', 50, '22121902', '2024-04-03 23:15:53', NULL),
(292, 'ECCFFS2024019', 50, '23042503', '2024-04-03 23:17:03', NULL),
(293, 'ECCFFS2024020', 50, '23062202', '2024-04-03 23:18:31', NULL),
(294, 'ECCFFS2024021', 50, '22111606', '2024-04-03 23:19:12', NULL),
(295, 'ECCFFS2024022', 50, '23012301', '2024-04-03 23:19:49', NULL),
(296, 'ECCFFS2024023', 50, '230629488', '2024-04-03 23:20:59', NULL),
(297, 'ECXFS2024242', 60, '230629423', '2024-04-03 23:22:06', NULL),
(298, 'ECXFS2024243', 60, '230629424', '2024-04-03 23:22:50', NULL),
(299, 'MATSFNB2024001', 50, '230629507', '2024-04-03 23:24:08', NULL),
(300, 'MATSFNB2024002', 50, '230629618', '2024-04-03 23:25:11', NULL),
(301, 'MATSFNB2024003', 50, '23060701', '2024-04-03 23:26:00', NULL),
(302, 'MATSFNB2024004', 50, '230629587', '2024-04-03 23:26:54', NULL),
(303, 'MATSFNB2024005', 50, '230629600', '2024-04-03 23:28:00', NULL),
(304, 'MATSFNB2024006', 50, '230629589', '2024-04-03 23:29:23', NULL),
(305, 'MATSFNB2024007', 50, '230629619', '2024-04-03 23:30:21', NULL),
(306, 'MATSFNB2024008', 50, '230629506', '2024-04-03 23:31:17', NULL),
(307, 'MATSFNB2024009', 50, '23010301', '2024-04-03 23:33:11', NULL),
(308, 'MATSFNB2024010', 50, '230629590', '2024-04-03 23:34:27', NULL),
(309, 'MATSFNB2024011', 50, '23062304', '2024-04-03 23:35:31', NULL),
(310, 'MATSFNB2024012', 50, '230629511', '2024-04-03 23:36:20', NULL),
(311, 'MATSFNB2024013', 50, '230629599', '2024-04-03 23:37:25', NULL),
(312, 'MATSFNB2024014', 50, '230629681', '2024-04-03 23:38:53', NULL),
(313, 'MATSFNB2024015', 50, '230629409', '2024-04-03 23:44:41', NULL),
(314, 'MATSFNB2024016', 50, '23052901', '2024-04-03 23:45:32', NULL),
(315, 'MATSFNB2024017', 60, '230629582', '2024-04-03 23:46:13', NULL),
(316, 'MATSFNB2024018', 50, '230629465', '2024-04-03 23:47:15', NULL),
(317, 'MATSFNB2024019', 50, '230629603', '2024-04-03 23:48:00', NULL),
(318, 'ECSFS2024001', 60, '230629405', '2024-04-04 00:21:38', NULL),
(319, 'ECSFS2024002', 60, '22031201', '2024-04-04 00:26:38', NULL),
(320, 'ECSFS2024003', 60, '22011701', '2024-04-04 00:28:02', NULL),
(321, 'ECSFS2024004', 60, '230629463', '2024-04-04 00:32:30', NULL),
(322, 'ECSFS2024005', 60, '230629672', '2024-04-04 00:34:24', NULL),
(323, 'ECSFS2024006', 60, '230629673', '2024-04-04 00:35:16', NULL),
(324, 'ECSFS2024007', 60, '230629410', '2024-04-04 00:36:20', NULL),
(325, 'ECSFS2024008', 60, '230629533', '2024-04-04 00:37:04', NULL),
(326, 'ECSFS2024009', 60, '230629670', '2024-04-04 00:40:46', NULL),
(327, 'ECSFS2024010', 60, '230629676', '2024-04-04 00:41:41', NULL),
(328, 'ECSFS2024011', 60, '0000000001', '2024-04-04 00:42:48', NULL),
(329, 'ECSFS2024012', 60, '23060702', '2024-04-04 00:43:32', NULL),
(330, 'ECSFS2024013', 60, '23022801', '2024-04-04 00:44:10', NULL),
(331, 'ECSFS2024015', 60, '230629683', '2024-04-04 00:48:15', NULL),
(332, 'ECSFS2024017', 60, '230629679', '2024-04-04 00:50:46', NULL),
(333, 'ECSFS2024018', 60, '21110801', '2024-04-04 00:52:10', NULL),
(334, 'ECSFS2024019', 60, '230629623', '2024-04-04 00:52:55', NULL),
(335, 'ECSFS2024020', 60, '230629664', '2024-04-04 00:53:44', NULL),
(336, 'ECSFS2024021', 60, '230629671', '2024-04-04 00:54:43', NULL),
(337, 'ECSFS2024022', 60, '23011801', '2024-04-04 00:56:34', NULL),
(338, 'ECSFS2024024', 60, '230629510', '2024-04-04 00:57:27', NULL),
(339, 'ECSFS2024025', 60, '0000000002', '2024-04-04 00:58:26', NULL),
(340, 'ECSFS2024026', 60, '230629665', '2024-04-04 00:59:25', NULL),
(341, 'ECSFS2024027', 60, '230629684', '2024-04-04 01:00:28', NULL),
(342, 'ECSFS2024028', 60, '230629678', '2024-04-04 01:01:30', NULL),
(343, 'ECSFS2024029', 60, '230629680', '2024-04-04 01:02:10', NULL),
(344, 'ECSFS2024031', 60, '230629439', '2024-04-04 01:03:08', NULL),
(345, 'ECSFS2024033', 60, '230629602', '2024-04-04 01:04:11', NULL),
(346, 'ECSFS2024034', 60, '230629682', '2024-04-04 01:05:06', NULL),
(347, 'ECSFS2024035', 60, '230629433', '2024-04-04 01:06:04', NULL),
(348, 'ECSFS2024036', 60, '230629677', '2024-04-04 01:06:58', NULL),
(349, 'ECSFS2024037', 60, '230629502', '2024-04-04 01:08:28', NULL),
(350, 'ECSFS2024039', 60, '17000001', '2024-04-04 01:09:23', NULL),
(351, 'ECXFS2024166', 60, '230729521', '2024-04-04 01:13:45', NULL),
(352, 'ECXFS2024239', 60, '230639510', '2024-04-04 01:21:33', NULL),
(353, 'ECXFS2024160', 60, '230629311', '2024-04-04 01:25:49', NULL),
(354, 'ECXFS2024241', 60, '230629422', '2024-04-04 02:09:33', NULL),
(355, 'ECXFS2024240', 60, '230629421', '2024-04-04 03:32:53', NULL),
(356, 'ECXFS2024077', 60, '22090902', '2024-04-04 03:35:18', NULL);

-- --------------------------------------------------------

--
-- Table structure for table `department`
--

CREATE TABLE `department` (
  `id` int(11) NOT NULL,
  `department_name` varchar(255) DEFAULT NULL,
  `department_prefix` varchar(255) DEFAULT NULL,
  `from_time` time DEFAULT NULL,
  `to_time` time DEFAULT NULL
) ENGINE=InnoDB DEFAULT CHARSET=utf8mb4 COLLATE=utf8mb4_general_ci;

--
-- Dumping data for table `department`
--

INSERT INTO `department` (`id`, `department_name`, `department_prefix`, `from_time`, `to_time`) VALUES
(1, 'MAT\'S DONUT', 'MATSFNB', '03:00:00', '02:00:00'),
(2, 'EC CAFE', 'ECCF', '09:00:00', '23:59:59'),
(3, 'EC SOLUTIONS', 'ECS', '09:00:00', '23:59:59'),
(4, 'ECSTATICX', 'ECSTX', '09:00:00', '23:59:59'),
(5, 'ESKINA', 'FNB', '05:00:00', '23:59:59'),
(6, 'ECXPERIENCE', 'ECX', '21:00:00', '04:00:00');

-- --------------------------------------------------------

--
-- Table structure for table `owners`
--

CREATE TABLE `owners` (
  `id` int(11) NOT NULL,
  `staff_id` varchar(255) NOT NULL,
  `owner_name` varchar(255) NOT NULL,
  `base_time` int(11) DEFAULT NULL,
  `from_time` time DEFAULT NULL,
  `to_time` time DEFAULT NULL,
  `owner_email` varchar(255) NOT NULL,
  `owner_department` int(11) DEFAULT NULL
) ENGINE=InnoDB DEFAULT CHARSET=utf8mb4 COLLATE=utf8mb4_general_ci;

--
-- Dumping data for table `owners`
--

INSERT INTO `owners` (`id`, `staff_id`, `owner_name`, `base_time`, `from_time`, `to_time`, `owner_email`, `owner_department`) VALUES
(1, '22112303', 'ABIGAIL LAXAMANA', 1, NULL, NULL, '', 6),
(2, '22110702', 'ALBERT TABARREJO', 1, NULL, NULL, '', 5),
(3, '230629471', 'ALDRINE BALURIN', 1, NULL, NULL, '', 5),
(4, '230629547', 'GRACE ANNE NUFABLE', 1, NULL, NULL, '', 6),
(5, '230629490', 'ALJON MEDALLON', 1, NULL, NULL, '', 5),
(6, '23021003', 'GRACELENE DELA CRUZ', 1, NULL, NULL, '', 6),
(7, '22110717', 'ABEGAIL MANANKIL', 1, NULL, NULL, '', 6),
(8, '22110404', 'ANDREA JANE BENAVIDEZ', 1, NULL, NULL, '', 5),
(9, '230629643', 'GWYNETH AIRA MARTINEZ', 1, NULL, NULL, '', 6),
(10, '230629467', 'ANGELIQUE TABARREJO', 1, NULL, NULL, '', 5),
(11, '230629615', 'ABIGAIL CORTEZ', 1, NULL, NULL, '', 6),
(12, '230629468', 'BENZAN CATATAY', 1, NULL, NULL, '', 5),
(13, '22060602', 'HANIE ANN ALCANTARA', 1, NULL, NULL, '', 6),
(14, '23013101', 'BRYAN MERCADO', 1, NULL, NULL, '', 5),
(15, '22053005', 'MARIEL SAPE', 1, NULL, NULL, '', 6),
(16, '230629426', 'HAROLD LUMBANG', 1, NULL, NULL, '', 6),
(17, '23040502', 'ABRALINE KHEI SALO', 1, NULL, NULL, '', 6),
(18, '230629532', 'CECILE VALERO', 1, NULL, NULL, '', 5),
(19, '230629647', 'MARIELLE ANTOINETTE CONCEPCION', 1, NULL, NULL, '', 6),
(20, '230629573', 'HARON KHRISTIAN SENARIO', 1, NULL, NULL, '', 6),
(21, '22111414', 'AERIELLE LUV AGAPITO', 1, NULL, NULL, '', 6),
(22, '23010306', 'MARILOU MANAHAN', 1, NULL, NULL, '', 6),
(23, '22072704', 'HOWARD IVAN CASEY WINDSOR', 1, NULL, NULL, '', 6),
(24, '230629515', 'CESAR JOHN CHRISTOPHER PALOYO', 1, NULL, NULL, '', 5),
(25, '230629580', 'AILEEN VASALLO', 1, NULL, NULL, '', 6),
(26, '230629577', 'IAN LORENZO VILLADOLI D', 1, NULL, NULL, '', 6),
(27, '22110401', 'CHERYL MALIGANG', 1, NULL, NULL, '', 5),
(28, '230629610', 'IRISH DENUM', 1, NULL, NULL, '', 6),
(29, '23021701', 'MARJOHN DIOMA', 1, NULL, NULL, '', 6),
(30, '22110403', 'CHRISTIAN ARIENDA', 1, NULL, NULL, '', 5),
(31, '230629414', 'ALBERT LONGOS', 1, NULL, NULL, '', 6),
(32, '22110715', 'JADEMEER CHIU', 1, NULL, NULL, '', 6),
(33, '230629411', 'CYRUS RON SABADO', 1, NULL, NULL, '', 5),
(34, '230629481', 'MARJORIE CEBUANO', 1, NULL, NULL, '', 6),
(35, '230629663', 'ALDWIN BAUTISTA', 1, NULL, NULL, '', 6),
(36, '230629554', 'JAMAICA DINATE', 1, NULL, NULL, '', 6),
(37, '230601', 'ELISA BARTOLOME', 1, NULL, NULL, '', 5),
(38, '220660604', 'MARJORIE HIPOLITO', 1, NULL, NULL, '', 6),
(39, '230629520 ', 'JAMES CEDRIC LOPEZ', 1, NULL, NULL, '', 6),
(40, '23010305', 'ERNALINE SEVILLA', 1, NULL, NULL, '', 5),
(41, '230629655', 'JAMEY ANNE BARROGA', 1, NULL, NULL, '', 6),
(42, '23010701', 'GELLY BERTIZ', 1, NULL, NULL, '', 5),
(43, '23021004', 'MARK ANTHONY FERRER', 1, NULL, NULL, '', 6),
(44, '22052301', 'JAN LOUIE VICMUDO ', 1, NULL, NULL, '', 6),
(45, '23062302', 'IRISH CABALLERO', 1, NULL, NULL, '', 5),
(46, '22060603', 'ALLANA REDONDO', 1, NULL, NULL, '', 6),
(47, '22110709', 'MARK DANIEL DINONG', 1, NULL, NULL, '', 6),
(48, '230629544', 'JAN RANDAILE ADRIANO', 1, NULL, NULL, '', 6),
(49, '23062101', 'JERVILE SILVA', 1, NULL, NULL, '', 5),
(50, '230629654', 'MARK DAVID RICO ', 1, NULL, NULL, '', 6),
(51, '230629660', 'JANINE ZULUETA', 1, NULL, NULL, '', 6),
(52, '230629632', 'ALLYANA JOAQUIN', 1, NULL, NULL, '', 6),
(53, '23062001', 'JESSIE MAE BANZON', 1, NULL, NULL, '', 5),
(54, '230629556', 'MARK MITCHELL TENORIO', 1, NULL, NULL, '', 6),
(55, '230629479', 'JAYZER BALTAZAR', 1, NULL, NULL, '', 6),
(56, '23042102', 'JOSHUA TORRES', 1, NULL, NULL, '', 5),
(57, '230629540', ' ALLYSA MAE KLIETZ ', 1, NULL, NULL, '', 6),
(58, '230629546', 'JEAN CARLO VIZCONDE ', 1, NULL, NULL, '', 6),
(59, '230629639', 'MARK WENDELL COJOTAN', 1, NULL, NULL, '', 6),
(60, '230629567', 'JEFFERSON OCAMPO', 1, NULL, NULL, '', 6),
(61, '23021504', 'MARLOU ABINDAN', 1, NULL, NULL, '', 6),
(62, '22042701 ', 'ALLYZA MAE ASUNCION', 1, NULL, NULL, '', 6),
(63, '22111301', 'KARLLANCE STEVEN MORTERA', 1, NULL, NULL, '', 5),
(64, '23022102', 'KRISTINE MANUEL', 1, NULL, NULL, '', 5),
(65, '22053001', 'JENELYN DELA CRUZ', 1, NULL, NULL, '', 6),
(66, '230629558', 'MARLYN ESGUERRA', 1, NULL, NULL, '', 6),
(67, '23061901', 'LORNA NONATO', 1, NULL, NULL, '', 5),
(68, '22060101', 'MARRY JOY TOLENTINO', 1, NULL, NULL, '', 6),
(69, '23030303', 'LOVEVERN SIAPCO', 1, NULL, NULL, '', 5),
(70, '23030605', 'JENNEL URDANETA ', 1, NULL, NULL, '', 6),
(71, '22112102', 'ALONDRA SANTIAGO', 1, NULL, NULL, '', 6),
(72, '23062002', 'MAE ANNE ALSONSO', 1, NULL, NULL, '', 5),
(73, '230629629', 'MARSHEY MANLIQUEZ', 1, NULL, NULL, '', 6),
(74, '230629576', 'JENNIFER ALAMO', 1, NULL, NULL, '', 6),
(75, '22053008', 'ALVIN PARLAN', 1, NULL, NULL, '', 6),
(76, '23052902', 'MARLON CORONEL', 1, NULL, NULL, '', 5),
(77, '230629417', 'JENNIFER PAUSTA', 1, NULL, NULL, '', 6),
(78, '22062003', 'MARY JOYCE SAWIT', 1, NULL, NULL, '', 6),
(79, '230629531', 'NELSON MORENO', 1, NULL, NULL, '', 5),
(80, '23030107', 'JEREMY LORD DANCIL', 1, NULL, NULL, '', 6),
(81, '23021506', 'MARYLEN GATPANDAN', 1, NULL, NULL, '', 6),
(82, '22030106', 'AMELYN TALASTAS', 1, NULL, NULL, '', 6),
(83, '22062001', 'REYNANTE INIEGO', 1, NULL, NULL, '', 5),
(84, '230629636', 'JESSA MAE BARAZON', 1, NULL, NULL, '', 6),
(85, '23052903', 'ROLANDO ALCANTARA', 1, NULL, NULL, '', 5),
(86, '230629572', 'MAUI ADRIANO', 1, NULL, NULL, '', 6),
(87, '230629657', 'AMIEL MIGUELLE TUAZON', 1, NULL, NULL, '', 6),
(88, '22111423', 'JESTER DUNGO', 1, NULL, NULL, '', 6),
(89, '230629627', 'MAVRIC ALLEN FRANCISCO', 1, NULL, NULL, '', 6),
(90, '22110410', 'ROSEMARIE JOSON', 1, NULL, NULL, '', 5),
(91, '230629543', 'JEZZA AVERILLA', 1, NULL, NULL, '', 6),
(92, '230629545', 'ANDREA PEREYRAS', 1, NULL, NULL, '', 6),
(93, '22112304', 'MELISSA DIMAAPI', 1, NULL, NULL, '', 6),
(94, '23021602', 'JHAMIL LOPEZ', 1, NULL, NULL, '', 6),
(95, '230629614', 'MERWIN VIAA', 1, NULL, NULL, '', 6),
(96, '23011812', 'MICHAEL WILLIAM MACALINO', 1, NULL, NULL, '', 6),
(97, '230629497', 'ANDREA JED REYES', 1, NULL, NULL, '', 6),
(98, '23010314', 'JHON CHRISTIAN  ROBLES ', 1, NULL, NULL, '', 6),
(99, '22111409', 'MONALIZA FRANCIA', 1, NULL, NULL, '', 6),
(100, '21120605', 'ANGELIE CASTRO', 1, NULL, NULL, '', 6),
(101, '22111419', 'JINELA MARIE TOLENTINO', 1, NULL, NULL, '', 6),
(102, '230626406', 'MONIQUE CURIA', 1, NULL, NULL, '', 6),
(103, '230629581', 'JINKY MAE AQUINO', 1, NULL, NULL, '', 6),
(104, '22110713 ', 'ANGELINE ADAN', 1, NULL, NULL, '', 6),
(105, '230629480', 'MONIRAH RODRIGUEZ', 1, NULL, NULL, '', 6),
(106, '230629483 ', ' JIREH LEEN MONTIEL', 1, NULL, NULL, '', 6),
(107, '23010316', 'ANGELO LANSANGAN', 1, NULL, NULL, '', 6),
(108, '230629456 ', 'JOAN S CRUZ', 1, NULL, NULL, '', 6),
(109, '230629641', 'ANGELYN MAY HILARIO', 1, NULL, NULL, '', 6),
(110, '21111701', 'MURPHY CRUZ', 1, NULL, NULL, '', 6),
(111, '230629562', 'JOHN ADRIANNE  BALTAZAR', 1, NULL, NULL, '', 6),
(112, '22110718', 'NEIL PATRICK MERCADO', 1, NULL, NULL, '', 6),
(113, '22070701', 'ANGENINE DOMINGO', 1, NULL, NULL, '', 6),
(114, '230629570', 'JOHN ALEXIS MANGULABNAN', 1, NULL, NULL, '', 6),
(115, '230629495', 'NERISSA RIVERA', 1, NULL, NULL, '', 6),
(116, '22112501', 'JOHN CARLO  BALDOZ', 1, NULL, NULL, '', 6),
(117, '22110711', 'NESSA LOPEZ', 1, NULL, NULL, '', 6),
(118, '230629662', 'ANNE CLARIEZH BLANCAFLOR', 1, NULL, NULL, '', 6),
(119, '230629611', 'JOHN JOSEPH SALAC', 1, NULL, NULL, '', 6),
(120, '22112306', 'JOHN KENNETH ISAAC', 1, NULL, NULL, '', 6),
(121, '230629522', 'NICOLE ANGELINE EMPERADO', 1, NULL, NULL, '', 6),
(122, '22110704', 'ARIANE LEIH DELA CRUZ', 1, NULL, NULL, '', 6),
(123, '22042801', 'NORMAN REY RIVERA', 1, NULL, NULL, '', 6),
(124, '23041501', 'RYCA SHANEL SUPAN', 1, NULL, NULL, '', 5),
(125, '230629649', 'ARJAY OLILA', 1, NULL, NULL, '', 6),
(126, '230629658', 'JOHN LOUIE SAMSON', 1, NULL, NULL, '', 6),
(127, '230629527', 'PAMELA ANDREA LANDAYAN', 1, NULL, NULL, '', 6),
(128, '230629489', 'SAMANTHA GRACE MORICO', 1, NULL, NULL, '', 5),
(129, '230629550', 'JOHN MARTIN BALTAZAR', 1, NULL, NULL, '', 6),
(130, '23010308', 'ARJOHN LUNOD', 1, NULL, NULL, '', 6),
(131, '23021006', 'PATRICIA GACURA', 1, NULL, NULL, '', 6),
(132, '230629666 ', 'JOHN SPENCER TADEO', 1, NULL, NULL, '', 6),
(133, '230629686', 'VINCE GABRIEL BARTOLOME', 1, NULL, NULL, '', 5),
(134, '230629526', 'ARMIE DE GUZMAN', 1, NULL, NULL, '', 6),
(135, '230629644', 'PILAR ANDREA SANTOS', 1, NULL, NULL, '', 6),
(136, '230629626', 'JOHN STEVEN CAPULONG', 1, NULL, NULL, '', 6),
(137, '230629653', 'ARON CRESPO', 1, NULL, NULL, '', 6),
(138, '230629571', 'POLY MARIE DEL CORO', 1, NULL, NULL, '', 6),
(139, '230629568 ', 'AYAKA FUJISAKU', 1, NULL, NULL, '', 6),
(140, '22032801 ', 'JOIE ANN CAMILLE ANGELES', 1, NULL, NULL, '', 6),
(141, '22122106', 'JOLO BARCELONA ', 1, NULL, NULL, '', 6),
(142, '230629519', 'PRECIOUS LYKO PACATE', 1, NULL, NULL, '', 6),
(143, '230629552', 'JOMAR ASTORGA', 1, NULL, NULL, '', 6),
(144, '230629650', 'RACHEL ANGELES', 1, NULL, NULL, '', 6),
(145, '22032804', 'JONALISA PAMELA SILVESTR E', 1, NULL, NULL, '', 6),
(146, '22112402', 'BENCH PAMINTUAN', 1, NULL, NULL, '', 6),
(147, '23021502', 'RACHELLE MAE SENADRIN', 1, NULL, NULL, '', 6),
(148, '23011602', 'JONALYN NAVARRO', 1, NULL, NULL, '', 6),
(149, '23033001', 'BERNADETTE FULONG', 1, NULL, NULL, '', 6),
(150, '230629624', 'RAEMON JOSHUA MERCADO', 1, NULL, NULL, '', 6),
(151, '230629635', 'BIANCA CAMILLE CHAVEZ', 1, NULL, NULL, '', 6),
(152, '230629612', 'JONICOLE MAGAT', 1, NULL, NULL, '', 6),
(153, '230629402', 'RAFAEL PARULAN', 1, NULL, NULL, '', 6),
(154, '230629578', 'JORDY FERNANDO III ', 1, NULL, NULL, '', 6),
(155, '230629553', 'BRIXTER KYLE MENDOZA', 1, NULL, NULL, '', 6),
(156, '230629631', 'RAFFY SAN MATEO', 1, NULL, NULL, '', 6),
(157, '23030703 ', 'JOSE ALBERTO FONTE', 1, NULL, NULL, '', 6),
(158, '230629420', 'JOSEPH KATE CRUZ', 1, NULL, NULL, '', 6),
(159, '230629425', 'BURRY ALLEN ALGARRA', 1, NULL, NULL, '', 6),
(160, '230629538', 'RAMIL RADSY VILLAROSA', 1, NULL, NULL, '', 6),
(161, '23011813', 'JOVI MAY  BARTOLOME ', 1, NULL, NULL, '', 6),
(162, '230629454', 'RAYMUND MATEO', 1, NULL, NULL, '', 6),
(163, '230629418', 'CAMIL DELA PAZ', 1, NULL, NULL, '', 6),
(164, '230629500 ', 'JOYLEEN ANNE CLARIN', 1, NULL, NULL, '', 6),
(165, '22090602', 'REYCHEL JOY CERICOS', 1, NULL, NULL, '', 6),
(166, '230629458 ', 'JUAN CARLO CORAZON', 1, NULL, NULL, '', 6),
(167, '22053002', 'CARLA MARIE LEAO', 1, NULL, NULL, '', 6),
(168, '22110712', 'REYNALDO TRINIDAD JR', 1, NULL, NULL, '', 6),
(169, '22032806', 'JUSMINE KEYL HERNANDEZ', 1, NULL, NULL, '', 6),
(170, '22111417', 'REYNITA BAYAN', 1, NULL, NULL, '', 6),
(171, '230629549', 'CARLO CANIMO', 1, NULL, NULL, '', 6),
(172, '230629557', 'RHION DENERY IGNACIO', 1, NULL, NULL, '', 6),
(173, '230629484', 'JUSTINE ANN GUTIERREZ', 1, NULL, NULL, '', 6),
(174, '230629555', 'CARMELA ELIZHA DABO', 1, NULL, NULL, '', 6),
(175, '230629575', 'RICHARD SEORIN', 1, NULL, NULL, '', 6),
(176, '22111418', 'KAILA KATIPUNAN', 1, NULL, NULL, '', 6),
(177, '230629523', 'RICHELLE TOLEDO', 1, NULL, NULL, '', 6),
(178, '230629494', 'CAROLYN KEN VENERACION', 1, NULL, NULL, '', 6),
(179, '22111411 ', 'KARL AARON LAGUNERO', 1, NULL, NULL, '', 6),
(180, '22070403', 'RICKY JR. GALICHA', 1, NULL, NULL, '', 6),
(181, '230626405', 'CATHERINE JOY LONTOC', 1, NULL, NULL, '', 6),
(182, '230629637', 'KATHERINE PEARL ADRIANO', 1, NULL, NULL, '', 6),
(183, '23011804', 'ROBERTO GUTIERREZ', 1, NULL, NULL, '', 6),
(184, '230629651', 'KATLEEN JOY OCAMPO', 1, NULL, NULL, '', 6),
(185, '22012103', 'RODERICK REYES', 1, NULL, NULL, '', 6),
(186, '22070703', 'KEVIN FAJARDO ', 1, NULL, NULL, '', 6),
(187, '22111412', 'CEDRICK DELA CRUZ', 1, NULL, NULL, '', 6),
(188, '22110902', 'ROLANDO BERNADEZ', 1, NULL, NULL, '', 6),
(189, '23021507', 'KIER JOSHUA DINATE', 1, NULL, NULL, '', 6),
(190, '230629457', 'CEEJAY DELA CRUZ', 1, NULL, NULL, '', 6),
(191, '22080101', 'RONALDO MANAHAN', 1, NULL, NULL, '', 6),
(192, '230629661', 'KIMBERLY DE GUZMAN', 1, NULL, NULL, '', 6),
(193, '22070702', 'CHARMAINE REDOA ', 1, NULL, NULL, '', 6),
(194, '230629574', 'RONNIE AMARO', 1, NULL, NULL, '', 6),
(195, '230629455 ', 'KRACHEL PASCUAL', 1, NULL, NULL, '', 6),
(196, '23040503', 'CHARMAINE SANTOS', 1, NULL, NULL, '', 6),
(197, '22053007', 'ROVIE MARC BOLINA', 1, NULL, NULL, '', 6),
(198, '21111703', 'KRISSA HENRIMER ALBERCA', 1, NULL, NULL, '', 6),
(199, '23011809', 'CHRISTIAN JOSEPH MARCELO', 1, NULL, NULL, '', 6),
(200, '230629482', 'RYAN FRANCIS SAN PEDRO', 1, NULL, NULL, '', 6),
(201, '230629634', 'KRISTINE FURAGGANAN', 1, NULL, NULL, '', 6),
(202, '23030701', 'CHRISTIAN JOSEPH SERRANO', 1, NULL, NULL, '', 6),
(203, '21111702', 'SAMUEL PASTRANA', 1, NULL, NULL, '', 6),
(204, '22110201', 'KRIZIA CLAIRE RAMOS', 1, NULL, NULL, '', 6),
(205, '22090601', 'KRYSDJAN LYNNARD GALVEZ', 1, NULL, NULL, '', 6),
(206, '230629648', 'CHRISTIAN YURI RUSCO', 1, NULL, NULL, '', 6),
(207, '22042202', 'SAPHIRA JOY BRIONES', 1, NULL, NULL, '', 6),
(208, '21110401', 'ARIES JOHN DIONISIO', 1, NULL, NULL, '', 4),
(209, '230629608', 'KYLA MANANGHAYA', 1, NULL, NULL, '', 6),
(210, '23030603', 'CHRISZETTE LUARTEZ', 1, NULL, NULL, '', 6),
(211, '22110901', 'ARNOLD ALLAN QUILET', 1, NULL, NULL, '', 4),
(212, '230629642', 'SEATIEL CEDO', 1, NULL, NULL, '', 6),
(213, '22030108 ', 'LADY TRICIA GONZALES', 1, NULL, NULL, '', 6),
(214, '230629408', 'DAISY ANN AVILA', 1, NULL, NULL, '', 4),
(215, '22012102', 'LAILA MARIE TORIO', 1, NULL, NULL, '', 6),
(216, '230629525', 'SHARLENE CATES CELOZA', 1, NULL, NULL, '', 6),
(217, '22032110', 'LARAMARIE SACDAL', 1, NULL, NULL, '', 6),
(218, '2200007x', 'ESTEFANNIE MARAVILA ', 1, NULL, NULL, '', 4),
(219, '22111415', 'SHERINA MAE CALUPAS', 1, NULL, NULL, '', 6),
(220, '230629539', 'CLARISS JOY BARON', 1, NULL, NULL, '', 6),
(221, '230629638', 'CONNEY SANVICTORES', 1, NULL, NULL, '', 6),
(222, '21122001', 'IVANN JAMES IRRODESTAN', 1, NULL, NULL, '', 4),
(223, '230629529', 'SHIRLEY SAYO', 1, NULL, NULL, '', 6),
(224, '230629625', 'LENN MATTHEW VALDEZ', 1, NULL, NULL, '', 6),
(225, '230629406', 'JEROME DE LARA', 1, '08:00:00', '23:59:59', '', 4),
(226, '22053004', 'SWEDEN SAMBAJON', 1, NULL, NULL, '', 6),
(227, '230629563', 'LHEANEAL VALMADRID', 1, NULL, NULL, '', 6),
(228, '21093001', 'CORAZON HERRERA', 1, NULL, NULL, '', 6),
(229, '230629440', 'JHONDELL ENRIQUEZ', 1, NULL, NULL, '', 4),
(230, '230629559', 'THEA MARIE DURAN', 1, NULL, NULL, '', 6),
(231, '230629605', 'LLOYD DANTIS', 1, NULL, NULL, '', 6),
(232, '230629430', 'JOSE DELA TORRE JR.', 1, NULL, NULL, '', 4),
(233, '230629616', 'LORENA CIELO BULANADI', 1, NULL, NULL, '', 6),
(234, '23030606', 'CRISTINA LOMUGDANG', 1, NULL, NULL, '', 6),
(235, '230629646', 'THERESE MENDOZA', 1, NULL, NULL, '', 6),
(236, '230629640', 'DAENIELLE XILCA ESPINO', 1, NULL, NULL, '', 6),
(237, '23011815', 'LORRAINE CLEMENTE', 1, NULL, NULL, '', 6),
(238, '23010309', 'TRISHIA DANIELLE RUSIOS', 1, NULL, NULL, '', 6),
(239, '230629659', 'DAISY MAE CORTEZ', 1, NULL, NULL, '', 6),
(240, '22062701', 'MA. LOURDES DELA CRUZ', 1, NULL, NULL, '', 6),
(241, '230626403', 'DANIEL JR PERILLO', 1, NULL, NULL, '', 6),
(242, '22112801', 'MA.CRISTINA MACARASIG', 1, NULL, NULL, '', 6),
(243, '21121302', 'VENSIE RAMOS', 1, NULL, NULL, '', 6),
(244, '22062004', 'DEMBE ANGELES', 1, NULL, NULL, '', 6),
(245, '22110720', 'DHAREL JANE DEL CASTILLO', 1, NULL, NULL, '', 6),
(246, '230629434', 'BILLIE CATAYTAY', 1, NULL, NULL, '', 2),
(247, '230629446', 'DIANNE ANGELIQUE DEL ROSARIO', 1, NULL, NULL, '', 6),
(248, '23012401', 'DARREL DAIN MENDOZA', 1, NULL, NULL, '', 2),
(249, '21120602', 'DIANNE GRACE ESGUERRA', 1, NULL, NULL, '', 6),
(250, '22111603', 'DENNIS JOSHUA DELA ROSA', 1, NULL, NULL, '', 2),
(251, '23050901', 'DIVINE ZINAMPAN', 1, NULL, NULL, '', 2),
(252, '22072702', 'VIRGINIA SANTOS', 1, NULL, NULL, '', 6),
(253, '230629613', 'MA.LUISA NABUA', 1, NULL, NULL, '', 6),
(254, '23011808', 'WINCIE', 1, NULL, NULL, '', 6),
(255, '23061801', 'IVAN IGNACIO', 1, NULL, NULL, '', 2),
(256, '230629569', 'DIANNE VHIE RAMOS', 1, NULL, NULL, '', 6),
(257, '22090502', 'MA.REZEL MAHIDLAWON ', 1, NULL, NULL, '', 6),
(258, '230629419', 'ZHAIRA JEAN MADLANG BAYAN', 1, NULL, NULL, '', 6),
(259, '23010307 ', 'DIONISIO JR NUEZ', 1, NULL, NULL, '', 6),
(260, '2022501', 'JEFFREY STA. ANA', 1, NULL, NULL, '', 2),
(261, '22122103', 'DONICA MAE SUAN', 1, NULL, NULL, '', 6),
(262, '23011811', 'MARA JOY VILLANUE VA ', 1, NULL, NULL, '', 6),
(263, '230629413', 'DRUZZIE MONIC SALES', 1, NULL, NULL, '', 6),
(264, '230629477', 'MARELLE BEATRIZ DELOS REYES', 1, NULL, NULL, '', 6),
(265, '230627422', 'ELIZA SALUNGA', 1, NULL, NULL, '', 6),
(266, '230629518', 'MARIA HERALYN MAGPAYO ', 1, NULL, NULL, '', 6),
(267, '230629652', 'ELMER GATUZ', 1, NULL, NULL, '', 6),
(268, '230629669', 'JEFFREY TALLOD', 1, NULL, NULL, '', 2),
(269, '230629551', 'EMMANUEL JOHN VALISNO', 1, NULL, NULL, '', 6),
(270, '23032101', 'JERALD YUPTE', 1, NULL, NULL, '', 2),
(271, '230629517', 'ERIKA JULIA CAOC', 1, NULL, NULL, '', 6),
(272, '21120604', 'MARIBEL SAN JUAN', 1, NULL, NULL, '', 6),
(273, '230629450', 'JERARD EVANGELISTA', 1, NULL, NULL, '', 2),
(274, '23021403', 'EUGENE TORRES', 1, NULL, NULL, '', 6),
(275, '23010310', 'EUNICE DACCA', 1, NULL, NULL, '', 6),
(276, '22030601', 'FAITH HILARIO', 1, NULL, NULL, '', 6),
(277, '230629492', 'JHOMAR ESPEDILLION', 1, NULL, NULL, '', 2),
(278, '22112401', 'FATIMA LUNA BANESIO', 1, NULL, NULL, '', 6),
(279, '22072703', 'FERDINAND JOSEPH LOPEZ', 1, NULL, NULL, '', 6),
(280, '230629505', 'JONALD IGNACIO', 1, NULL, NULL, '', 2),
(281, '230629607', 'FRANCHESKA DE LEON', 1, NULL, NULL, '', 6),
(282, '230629473', 'JOSHUA MIGUEL BONQUIN', 1, NULL, NULL, '', 2),
(283, '23011803', 'FRANCIS PAYUMO', 1, NULL, NULL, '', 6),
(284, '230629566', 'FRANCISCO TRINIDAD', 1, NULL, NULL, '', 6),
(285, '230629687', 'KENNETH PAUL SIAPCO', 1, NULL, NULL, '', 2),
(286, '23012306', 'LAUREANO DAKANAY JR.', 1, NULL, NULL, '', 2),
(287, '21111103', 'GIAN CARLO GONZALES', 1, NULL, NULL, '', 6),
(288, '23021001', 'GLAYNESS JOSON', 1, NULL, NULL, '', 6),
(289, '23061902', 'MA. LAURICE VILALROSA', 1, NULL, NULL, '', 2),
(290, '22032103', 'GLYDEL ANNE YAMBAO', 1, NULL, NULL, '', 6),
(291, '22121902', 'MARK ALLAN TOLENTINO', 1, NULL, NULL, '', 2),
(292, '23042503', 'MARK ANGELO SEDA', 1, NULL, NULL, '', 2),
(293, '23062202', 'NOMER EVAN ANTONIO', 1, NULL, NULL, '', 2),
(294, '22111606', 'RENCIE ROBLES', 1, NULL, NULL, '', 2),
(295, '23012301', 'RYAN DEE QUIZON', 1, NULL, NULL, '', 2),
(296, '230629488', 'VILCENT SULIT', 1, NULL, NULL, '', 2),
(297, '230629423', 'WINSTON KLIETZ', 1, NULL, NULL, '', 6),
(298, '230629424', 'PATRICIA DENISE MERCADO', 1, NULL, NULL, '', 6),
(299, '230629507', 'RHODORA HUBILLA', 1, NULL, NULL, '', 1),
(300, '230629618', 'AEHRON JAY MANACOP', 1, NULL, NULL, '', 1),
(301, '23060701', 'ARIANNE PRIOS', 1, NULL, NULL, '', 1),
(302, '230629587', 'EL NINO GELITO', 1, NULL, NULL, '', 1),
(303, '230629600', 'ERICKSON VALDIZNO', 1, NULL, NULL, '', 1),
(304, '230629589', 'ETHEL JOYCE SERADILLA', 1, NULL, NULL, '', 1),
(305, '230629619', 'FERDALLY ROUSE GARCIA', 1, NULL, NULL, '', 1),
(306, '230629506', 'JERWIN PANZUELO', 1, NULL, NULL, '', 1),
(307, '23010301', 'JOHN CARLO IGNACIO', 1, NULL, NULL, '', 1),
(308, '230629590', 'JOVIN MANIAUL', 1, NULL, NULL, '', 1),
(309, '23062304', 'MARIA CHRISTINA EVANGELISTA', 1, NULL, NULL, '', 1),
(310, '230629511', 'NICA JOYCE RAMOS', 1, NULL, NULL, '', 1),
(311, '230629599', 'PHILIP LOUISE MANGUBAT', 1, NULL, NULL, '', 1),
(312, '230629681', 'RAINA LAURICCE OREJAS', 1, NULL, NULL, '', 1),
(313, '230629409', 'REGGIE DUENO', 1, NULL, NULL, '', 1),
(314, '23052901', 'RHEA CANO', 1, NULL, NULL, '', 1),
(315, '230629582', 'RIZZA CRUZ', 1, NULL, NULL, '', 1),
(316, '230629465', 'TRICIA ANNE PAYUMO', 1, NULL, NULL, '', 1),
(317, '230629603', 'VINCENT LARIN', 1, NULL, NULL, '', 1),
(318, '230629405', 'ANTONIO ALCONES JR.', 1, NULL, NULL, '', 3),
(319, '22031201', 'BRIAN NARVASA', 2, '21:00:00', '04:00:00', '', 3),
(320, '22011701', 'CARLO SEACOR', 2, '21:00:00', '04:00:00', '', 3),
(321, '230629463', 'CARLO MARTIN GONZALES', 1, NULL, NULL, '', 3),
(322, '230629672', 'CARLOS LOMUNTAD', 1, NULL, NULL, '', 3),
(323, '230629673', 'CHRISHIA MAE DALAPO', 1, NULL, NULL, '', 3),
(324, '230629410', 'CHRISTIAN VER SUASIN', 1, NULL, NULL, '', 3),
(325, '230629533', 'CHRISTOPHER CONCHAS', 1, NULL, NULL, '', 3),
(326, '230629670', 'DIANNUELLA DISIMBAN', 1, NULL, NULL, '', 3),
(327, '230629676', 'EDCEL JANE LACANILAO', 1, NULL, NULL, '', 3),
(328, '0000000001', 'ERIC BUENAFE', 1, NULL, NULL, '', 3),
(329, '23060702', 'EVELYN PENING', 1, NULL, NULL, '', 3),
(330, '23022801', 'FEDERICO BANZIL', 1, NULL, NULL, '', 3),
(331, '230629683', 'HUMPHREY EMMANUEL SANGIL', 1, NULL, NULL, '', 3),
(332, '230629679', 'JAMIR SEBASTIAN REYES', 1, NULL, NULL, '', 3),
(333, '21110801', 'JAYCEE QUIJANO', 1, NULL, NULL, '', 3),
(334, '230629623', 'JENNIFER INGALLA', 1, NULL, NULL, '', 3),
(335, '230629664', 'JHAIZZEL MAE ROXAS', 1, NULL, NULL, '', 3),
(336, '230629671', 'JOHN RANIELL ROQUIA', 1, NULL, NULL, '', 3),
(337, '23011801', 'JUAN PAOLO CASTILLO', 2, '21:00:00', '04:00:00', '', 3),
(338, '230629510', 'LEONA SUASIN', 1, NULL, NULL, '', 3),
(339, '0000000002', 'MARIA CHRISTINA BUENAFE', 1, NULL, NULL, '', 3),
(340, '230629665', 'MICHELLE RIVERA', 1, NULL, NULL, '', 3),
(341, '230629684', 'NARYN CHANCE DEUNA', 1, NULL, NULL, '', 3),
(342, '230629678', 'OLIVER DE JESUS', 1, NULL, NULL, '', 3),
(343, '230629680', 'PAUL WILLIAM REYES', 1, NULL, NULL, '', 3),
(344, '230629439', 'RECCI JOY VINAS', 1, NULL, NULL, '', 3),
(345, '230629602', 'RENATO DERRAMAS', 1, NULL, NULL, '', 3),
(346, '230629682', 'RENCE LOUIE OREJAS', 1, NULL, NULL, '', 3),
(347, '230629433', 'RINA ALMOSARA', 1, NULL, NULL, '', 3),
(348, '230629677', 'RINA DE LARA', 1, NULL, NULL, '', 3),
(349, '230629502', 'ROSEBERT BALAJADIA', 1, NULL, NULL, '', 3),
(350, '17000001', 'WALTER LIMBARO', 1, NULL, NULL, '', 3),
(351, '230729521', 'MARIANE  FRANCISCO', 1, NULL, NULL, '', 6),
(352, '230639510', 'ERIKA BATAC', 1, NULL, NULL, '', 6),
(353, '230629311', 'MA. KRISTHINE JOYCE BAUTISTA', 1, NULL, NULL, '', 6),
(354, '230629422', 'RIZZA KATRINA BAUTISTA', 1, NULL, NULL, '', 6),
(355, '230629421', 'MARY JANE TEODORO', 1, NULL, NULL, '', 6),
(356, '22090902', 'GENE MARVEY', 1, NULL, NULL, '', 6);

-- --------------------------------------------------------

--
-- Table structure for table `role`
--

CREATE TABLE `role` (
  `id` int(11) NOT NULL,
  `role_name` varchar(255) DEFAULT NULL
) ENGINE=InnoDB DEFAULT CHARSET=utf8mb4 COLLATE=utf8mb4_general_ci;

--
-- Dumping data for table `role`
--

INSERT INTO `role` (`id`, `role_name`) VALUES
(1, 'Clerk'),
(2, 'Admin'),
(3, 'Manager');

-- --------------------------------------------------------

--
-- Table structure for table `salary_deduction`
--

CREATE TABLE `salary_deduction` (
  `id` int(11) NOT NULL,
  `sd_code` varchar(255) NOT NULL,
  `sd_credits` varchar(255) DEFAULT NULL,
  `owner_id` varchar(255) NOT NULL,
  `first_cut_start` int(11) DEFAULT NULL,
  `first_cut_end` int(11) DEFAULT NULL,
  `second_cut_start` int(11) DEFAULT NULL,
  `second_cut_end` int(11) DEFAULT NULL,
  `created_at` timestamp NULL DEFAULT current_timestamp(),
  `updated_at` timestamp NULL DEFAULT NULL
) ENGINE=InnoDB DEFAULT CHARSET=utf8mb4 COLLATE=utf8mb4_general_ci;

--
-- Dumping data for table `salary_deduction`
--

INSERT INTO `salary_deduction` (`id`, `sd_code`, `sd_credits`, `owner_id`, `first_cut_start`, `first_cut_end`, `second_cut_start`, `second_cut_end`, `created_at`, `updated_at`) VALUES
(1, 'ECCFSD2024001', '1000', '230629434', 1, 15, 16, 31, NULL, NULL),
(2, 'ECCFSD2024002', '1000', '23012401', 1, 15, 16, 31, NULL, NULL),
(3, 'ECCFSD2024003', '1000', '22111603', 1, 15, 16, 31, NULL, NULL),
(4, 'ECCFSD2024004', '1000', '23050901', 1, 15, 16, 31, NULL, NULL),
(5, 'ECCFSD2024006', '1000', '23061801', 1, 15, 16, 31, NULL, NULL),
(6, 'ECCFSD2024007', '1000', '23020101', 1, 15, 16, 31, NULL, NULL),
(7, 'ECCFSD2024008', '1000', '2022501', 1, 15, 16, 31, NULL, NULL),
(8, 'ECCFSD2024009', '1000', '230629669', 1, 15, 16, 31, NULL, NULL),
(9, 'ECCFSD2024010', '1000', '23032101', 1, 15, 16, 31, NULL, NULL),
(10, 'ECCFSD2024011', '1000', '230629450', 1, 15, 16, 31, NULL, NULL),
(11, 'ECCFSD2024012', '1000', '230629492', 1, 15, 16, 31, NULL, NULL),
(12, 'ECCFSD2024013', '1000', '230629505', 1, 15, 16, 31, NULL, NULL),
(13, 'ECCFSD2024014', '1000', '230629473', 1, 15, 16, 31, NULL, NULL),
(14, 'ECCFSD2024015', '1000', '230629687', 1, 15, 16, 31, NULL, NULL),
(15, 'ECCFSD2024016', '1000', '23012306', 1, 15, 16, 31, NULL, NULL),
(16, 'ECCFSD2024017', '1000', '23061902', 1, 15, 16, 31, NULL, NULL),
(17, 'ECCFSD2024018', '1000', '22121902', 1, 15, 16, 31, NULL, NULL),
(18, 'ECCFSD2024019', '1000', '23042503', 1, 15, 16, 31, NULL, NULL),
(19, 'ECCFSD2024020', '1000', '23062202', 1, 15, 16, 31, NULL, NULL),
(20, 'ECCFSD2024021', '1000', '22111606', 1, 15, 16, 31, NULL, NULL),
(21, 'ECCFSD2024022', '1000', '23012301', 1, 15, 16, 31, NULL, NULL),
(22, 'ECCFSD2024023', '1000', '230629488', 1, 15, 16, 31, NULL, NULL),
(23, 'ECSSD2024001', '1000', '230629405', 1, 15, 16, 31, NULL, NULL),
(24, 'ECSSD2024002', '1000', '22031201', 1, 15, 16, 31, NULL, NULL),
(25, 'ECSSD2024003', '1000', '22011701', 1, 15, 16, 31, NULL, NULL),
(26, 'ECSSD2024004', '1000', '230629463', 1, 15, 16, 31, NULL, NULL),
(27, 'ECSSD2024005', '1000', '230629672', 1, 15, 16, 31, NULL, NULL),
(28, 'ECSSD2024006', '1000', '230629673', 1, 15, 16, 31, NULL, NULL),
(29, 'ECSSD2024007', '1000', '230629410', 1, 15, 16, 31, NULL, NULL),
(30, 'ECSSD2024008', '1000', '230629533', 1, 15, 16, 31, NULL, NULL),
(31, 'ECSSD2024009', '1000', '230629670', 1, 15, 16, 31, NULL, NULL),
(32, 'ECSSD2024010', '1000', '230629676', 1, 15, 16, 31, NULL, NULL),
(33, 'ECSSD2024011', '1000', '0000000001', 1, 15, 16, 31, NULL, NULL),
(34, 'ECSSD2024012', '1000', '23060702', 1, 15, 16, 31, NULL, NULL),
(35, 'ECSSD2024013', '1000', '23022801', 1, 15, 16, 31, NULL, NULL),
(36, 'ECSSD2024015', '1000', '230629683', 1, 15, 16, 31, NULL, NULL),
(37, 'ECSSD2024017', '1000', '230629679', 1, 15, 16, 31, NULL, NULL),
(38, 'ECSSD2024018', '1000', '21110801', 1, 15, 16, 31, NULL, NULL),
(39, 'ECSSD2024019', '1000', '230629623', 1, 15, 16, 31, NULL, NULL),
(40, 'ECSSD2024020', '1000', '230629664', 1, 15, 16, 31, NULL, NULL),
(41, 'ECSSD2024021', '1000', '230629671', 1, 15, 16, 31, NULL, NULL),
(42, 'ECSSD2024022', '1000', '23011801', 1, 15, 16, 31, NULL, NULL),
(43, 'ECSSD2024023', '1000', '23050201', 1, 15, 16, 31, NULL, NULL),
(44, 'ECSSD2024024', '1000', '230629510', 1, 15, 16, 31, NULL, NULL),
(45, 'ECSSD2024025', '1000', '0000000002', 1, 15, 16, 31, NULL, NULL),
(46, 'ECSSD2024026', '1000', '230629665', 1, 15, 16, 31, NULL, NULL),
(47, 'ECSSD2024027', '1000', '230629684', 1, 15, 16, 31, NULL, NULL),
(48, 'ECSSD2024028', '1000', '230629678', 1, 15, 16, 31, NULL, NULL),
(49, 'ECSSD2024029', '1000', '230629680', 1, 15, 16, 31, NULL, NULL),
(50, 'ECSSD2024030', '1000', '230629685', 1, 15, 16, 31, NULL, NULL),
(51, 'ECSSD2024031', '1000', '230629439', 1, 15, 16, 31, NULL, NULL),
(52, 'ECSSD2024032', '1000', '230629403', 1, 15, 16, 31, NULL, NULL),
(53, 'ECSSD2024033', '1000', '230629602', 1, 15, 16, 31, NULL, NULL),
(54, 'ECSSD2024034', '1000', '230629682', 1, 15, 16, 31, NULL, NULL),
(55, 'ECSSD2024035', '1000', '230629433', 1, 15, 16, 31, NULL, NULL),
(56, 'ECSSD2024036', '1000', '230629677', 1, 15, 16, 31, NULL, NULL),
(57, 'ECSSD2024037', '1000', '230629502', 1, 15, 16, 31, NULL, NULL),
(58, 'ECSSD2024038', '1000', '230629442', 1, 15, 16, 31, NULL, NULL),
(59, 'ECSSD2024039', '1000', '17000001', 1, 15, 16, 31, NULL, NULL),
(60, 'ECSTXSD2024001', '1000', '21110401', 1, 15, 16, 31, NULL, NULL),
(61, 'ECSTXSD2024002', '1000', '22110901', 1, 15, 16, 31, NULL, NULL),
(62, 'ECSTXSD2024003', '1000', '230629408', 1, 15, 16, 31, NULL, NULL),
(63, 'ECSTXSD2024004', '1000', '0', 1, 15, 16, 31, NULL, NULL),
(64, 'ECSTXSD2024005', '1000', '21122001', 1, 15, 16, 31, NULL, NULL),
(65, 'ECSTXSD2024006', '1000', '230629406', 1, 15, 16, 31, NULL, NULL),
(66, 'ECSTXSD2024007', '1000', '230629440', 1, 15, 16, 31, NULL, NULL),
(67, 'ECSTXSD2024008', '1000', '230629430', 1, 15, 16, 31, NULL, NULL),
(68, 'MATSSD2024001', '1000', '230629507', 1, 15, 16, 31, NULL, NULL),
(69, 'MATSSD2024002', '1000', '230629618', 1, 15, 16, 31, NULL, NULL),
(70, 'MATSSD2024003', '1000', '23060701', 1, 15, 16, 31, NULL, NULL),
(71, 'MATSSD2024004', '1000', '230629587', 1, 15, 16, 31, NULL, NULL),
(72, 'MATSSD2024005', '1000', '230629600', 1, 15, 16, 31, NULL, NULL),
(73, 'MATSSD2024006', '1000', '230629589', 1, 15, 16, 31, NULL, NULL),
(74, 'MATSSD2024007', '1000', '230629619', 1, 15, 16, 31, NULL, NULL),
(75, 'MATSSD2024008', '1000', '230629506', 1, 15, 16, 31, NULL, NULL),
(76, 'MATSSD2024009', '1000', '23010301', 1, 15, 16, 31, NULL, NULL),
(77, 'MATSSD2024010', '1000', '230629590', 1, 15, 16, 31, NULL, NULL),
(78, 'MATSSD2024011', '1000', '23062304', 1, 15, 16, 31, NULL, NULL),
(79, 'MATSSD2024012', '1000', '230629511', 1, 15, 16, 31, NULL, NULL),
(80, 'MATSSD2024013', '1000', '230629599', 1, 15, 16, 31, NULL, NULL),
(81, 'MATSSD2024014', '1000', '230629681', 1, 15, 16, 31, NULL, NULL),
(82, 'MATSSD2024015', '1000', '230629409', 1, 15, 16, 31, NULL, NULL),
(83, 'MATSSD2024016', '1000', '23052901', 1, 15, 16, 31, NULL, NULL),
(84, 'MATSSD2024017', '1000', '230629582', 1, 15, 16, 31, NULL, NULL),
(85, 'MATSSD2024018', '1000', '230629465', 1, 15, 16, 31, NULL, NULL),
(86, 'MATSSD2024019', '1000', '230629603', 1, 15, 16, 31, NULL, NULL),
(87, 'ESKNSD2024001', '1000', '22110702', 1, 15, 16, 31, NULL, NULL),
(88, 'ESKNSD2024002', '1000', '230629471', 1, 15, 16, 31, NULL, NULL),
(89, 'ESKNSD2024003', '1000', '230629490', 1, 15, 16, 31, NULL, NULL),
(90, 'ESKNSD2024004', '1000', '22110404', 1, 15, 16, 31, NULL, NULL),
(91, 'ESKNSD2024005', '1000', '230629467', 1, 15, 16, 31, NULL, NULL),
(92, 'ESKNSD2024006', '1000', '230629468', 1, 15, 16, 31, NULL, NULL),
(93, 'ESKNSD2024007', '1000', '23013101', 1, 15, 16, 31, NULL, NULL),
(94, 'ESKNSD2024008', '1000', '230629532', 1, 15, 16, 31, NULL, NULL),
(95, 'ESKNSD2024009', '1000', '230629515', 1, 15, 16, 31, NULL, NULL),
(96, 'ESKNSD2024010', '1000', '22110401', 1, 15, 16, 31, NULL, NULL),
(97, 'ESKNSD2024011', '1000', '22110403', 1, 15, 16, 31, NULL, NULL),
(98, 'ESKNSD2024012', '1000', '230629411', 1, 15, 16, 31, NULL, NULL),
(99, 'ESKNSD2024013', '1000', '230601', 1, 15, 16, 31, NULL, NULL),
(100, 'ESKNSD2024014', '1000', '23010305', 1, 15, 16, 31, NULL, NULL),
(101, 'ESKNSD2024015', '1000', '23010701', 1, 15, 16, 31, NULL, NULL),
(102, 'ESKNSD2024016', '1000', '23062302', 1, 15, 16, 31, NULL, NULL),
(103, 'ESKNSD2024017', '1000', '23062101', 1, 15, 16, 31, NULL, NULL),
(104, 'ESKNSD2024018', '1000', '23062001', 1, 15, 16, 31, NULL, NULL),
(105, 'ESKNSD2024019', '1000', '23042102', 1, 15, 16, 31, NULL, NULL),
(106, 'ESKNSD2024020', '1000', '22111301', 1, 15, 16, 31, NULL, NULL),
(107, 'ESKNSD2024021', '1000', '23022102', 1, 15, 16, 31, NULL, NULL),
(108, 'ESKNSD2024022', '1000', '23061901', 1, 15, 16, 31, NULL, NULL),
(109, 'ESKNSD2024023', '1000', '23030303', 1, 15, 16, 31, NULL, NULL),
(110, 'ESKNSD2024024', '1000', '23062002', 1, 15, 16, 31, NULL, NULL),
(111, 'ESKNSD2024025', '1000', '23052902', 1, 15, 16, 31, NULL, NULL),
(112, 'ESKNSD2024026', '1000', '230629531', 1, 15, 16, 31, NULL, NULL),
(113, 'ESKNSD2024027', '1000', '22062001', 1, 15, 16, 31, NULL, NULL),
(114, 'ESKNSD2024028', '1000', '23052903', 1, 15, 16, 31, NULL, NULL),
(115, 'ESKNSD2024029', '1000', '22110410', 1, 15, 16, 31, NULL, NULL),
(116, 'ESKNSD2024030', '1000', '23041501', 1, 15, 16, 31, NULL, NULL),
(117, 'ESKNSD2024031', '1000', '230629489', 1, 15, 16, 31, NULL, NULL),
(118, 'ESKNSD2024032', '1000', '230629686', 1, 15, 16, 31, NULL, NULL),
(119, 'ECXSD2024001', '1000', '22110717', 1, 15, 16, 31, NULL, NULL),
(120, 'ECXSD2024002', '1000', '230629615', 1, 15, 16, 31, NULL, NULL),
(121, 'ECXSD2024003', '1000', '22112303', 1, 15, 16, 31, NULL, NULL),
(122, 'ECXSD2024004', '1000', '23040502', 1, 15, 16, 31, NULL, NULL),
(123, 'ECXSD2024005', '1000', '22111414', 1, 15, 16, 31, NULL, NULL),
(124, 'ECXSD2024006', '1000', '230629580', 1, 15, 16, 31, NULL, NULL),
(125, 'ECXSD2024007', '1000', '230629414', 1, 15, 16, 31, NULL, NULL),
(126, 'ECXSD2024008', '1000', '230629663', 1, 15, 16, 31, NULL, NULL),
(127, 'ECXSD2024009', '1000', '22060603', 1, 15, 16, 31, NULL, NULL),
(128, 'ECXSD2024010', '1000', '230629632', 1, 15, 16, 31, NULL, NULL),
(129, 'ECXSD2024011', '1000', '230629540', 1, 15, 16, 31, NULL, NULL),
(130, 'ECXSD2024012', '1000', '22042701', 1, 15, 16, 31, NULL, NULL),
(131, 'ECXSD2024013', '1000', '22112102', 1, 15, 16, 31, NULL, NULL),
(132, 'ECXSD2024014', '1000', '22053008', 1, 15, 16, 31, NULL, NULL),
(133, 'ECXSD2024015', '1000', '22030106', 1, 15, 16, 31, NULL, NULL),
(134, 'ECXSD2024016', '1000', '230629657', 1, 15, 16, 31, NULL, NULL),
(135, 'ECXSD2024017', '1000', '230629545', 1, 15, 16, 31, NULL, NULL),
(136, 'ECXSD2024018', '1000', '230629497', 1, 15, 16, 31, NULL, NULL),
(137, 'ECXSD2024019', '1000', '21120605', 1, 15, 16, 31, NULL, NULL),
(138, 'ECXSD2024020', '1000', '22110713', 1, 15, 16, 31, NULL, NULL),
(139, 'ECXSD2024021', '1000', '23010316', 1, 15, 16, 31, NULL, NULL),
(140, 'ECXSD2024022', '1000', '230629641', 1, 15, 16, 31, NULL, NULL),
(141, 'ECXSD2024023', '1000', '22070701', 1, 15, 16, 31, NULL, NULL),
(142, 'ECXSD2024024', '1000', '230629662', 1, 15, 16, 31, NULL, NULL),
(143, 'ECXSD2024025', '1000', '22110704', 1, 15, 16, 31, NULL, NULL),
(144, 'ECXSD2024026', '1000', '230629649', 1, 15, 16, 31, NULL, NULL),
(145, 'ECXSD2024027', '1000', '23010308', 1, 15, 16, 31, NULL, NULL),
(146, 'ECXSD2024028', '1000', '230629526', 1, 15, 16, 31, NULL, NULL),
(147, 'ECXSD2024029', '1000', '230629653', 1, 15, 16, 31, NULL, NULL),
(148, 'ECXSD2024030', '1000', '230629568', 1, 15, 16, 31, NULL, NULL),
(149, 'ECXSD2024031', '1000', '22112402', 1, 15, 16, 31, NULL, NULL),
(150, 'ECXSD2024032', '1000', '23033001', 1, 15, 16, 31, NULL, NULL),
(151, 'ECXSD2024033', '1000', '230629635', 1, 15, 16, 31, NULL, NULL),
(152, 'ECXSD2024034', '1000', '230629553', 1, 15, 16, 31, NULL, NULL),
(153, 'ECXSD2024035', '1000', '230629425', 1, 15, 16, 31, NULL, NULL),
(154, 'ECXSD2024036', '1000', '230629418', 1, 15, 16, 31, NULL, NULL),
(155, 'ECXSD2024037', '1000', '22053002', 1, 15, 16, 31, NULL, NULL),
(156, 'ECXSD2024038', '1000', '230629549', 1, 15, 16, 31, NULL, NULL),
(157, 'ECXSD2024039', '1000', '230629555', 1, 15, 16, 31, NULL, NULL),
(158, 'ECXSD2024040', '1000', '230629494', 1, 15, 16, 31, NULL, NULL),
(159, 'ECXSD2024041', '1000', '230626405', 1, 15, 16, 31, NULL, NULL),
(160, 'ECXSD2024042', '1000', '22111412', 1, 15, 16, 31, NULL, NULL),
(161, 'ECXSD2024043', '1000', '230629457', 1, 15, 16, 31, NULL, NULL),
(162, 'ECXSD2024044', '1000', '22070702', 1, 15, 16, 31, NULL, NULL),
(163, 'ECXSD2024045', '1000', '23040503', 1, 15, 16, 31, NULL, NULL),
(164, 'ECXSD2024046', '1000', '23011809', 1, 15, 16, 31, NULL, NULL),
(165, 'ECXSD2024047', '1000', '23030701', 1, 15, 16, 31, NULL, NULL),
(166, 'ECXSD2024048', '1000', '230629648', 1, 15, 16, 31, NULL, NULL),
(167, 'ECXSD2024049', '1000', '23030603', 1, 15, 16, 31, NULL, NULL),
(168, 'ECXSD2024050', '1000', '230629539', 1, 15, 16, 31, NULL, NULL),
(169, 'ECXSD2024051', '1000', '230629638', 1, 15, 16, 31, NULL, NULL),
(170, 'ECXSD2024052', '1000', '21093001', 1, 15, 16, 31, NULL, NULL),
(171, 'ECXSD2024053', '1000', '23030606', 1, 15, 16, 31, NULL, NULL),
(172, 'ECXSD2024054', '1000', '230629640', 1, 15, 16, 31, NULL, NULL),
(173, 'ECXSD2024055', '1000', '230629659', 1, 15, 16, 31, NULL, NULL),
(174, 'ECXSD2024056', '1000', '230626403', 1, 15, 16, 31, NULL, NULL),
(175, 'ECXSD2024057', '1000', '22062004', 1, 15, 16, 31, NULL, NULL),
(176, 'ECXSD2024058', '1000', '22110720', 1, 15, 16, 31, NULL, NULL),
(177, 'ECXSD2024059', '1000', '230629446', 1, 15, 16, 31, NULL, NULL),
(178, 'ECXSD2024060', '1000', '21120602', 1, 15, 16, 31, NULL, NULL),
(179, 'ECXSD2024061', '1000', '230629569', 1, 15, 16, 31, NULL, NULL),
(180, 'ECXSD2024062', '1000', '23010307', 1, 15, 16, 31, NULL, NULL),
(181, 'ECXSD2024063', '1000', '22122103', 1, 15, 16, 31, NULL, NULL),
(182, 'ECXSD2024064', '1000', '230629413', 1, 15, 16, 31, NULL, NULL),
(183, 'ECXSD2024066', '1000', '230629652', 1, 15, 16, 31, NULL, NULL),
(184, 'ECXSD2024067', '1000', '230629551', 1, 15, 16, 31, NULL, NULL),
(185, 'ECXSD2024068', '1000', '230629517', 1, 15, 16, 31, NULL, NULL),
(186, 'ECXSD2024069', '1000', '23021403', 1, 15, 16, 31, NULL, NULL),
(187, 'ECXSD2024070', '1000', '23010310', 1, 15, 16, 31, NULL, NULL),
(188, 'ECXSD2024071', '1000', '22030601', 1, 15, 16, 31, NULL, NULL),
(189, 'ECXSD2024072', '1000', '22112401', 1, 15, 16, 31, NULL, NULL),
(190, 'ECXSD2024073', '1000', '22072703', 1, 15, 16, 31, NULL, NULL),
(191, 'ECXSD2024074', '1000', '230629607', 1, 15, 16, 31, NULL, NULL),
(192, 'ECXSD2024075', '1000', '23011803', 1, 15, 16, 31, NULL, NULL),
(193, 'ECXSD2024076', '1000', '230629566', 1, 15, 16, 31, NULL, NULL),
(194, 'ECXSD2024077', '1000', '22090902', 1, 15, 16, 31, NULL, NULL),
(195, 'ECXSD2024078', '1000', '21111103', 1, 15, 16, 31, NULL, NULL),
(196, 'ECXSD2024079', '1000', '23021001', 1, 15, 16, 31, NULL, NULL),
(197, 'ECXSD2024080', '1000', '22032103', 1, 15, 16, 31, NULL, NULL),
(198, 'ECXSD2024081', '1000', '230629547', 1, 15, 16, 31, NULL, NULL),
(199, 'ECXSD2024082', '1000', '23021003', 1, 15, 16, 31, NULL, NULL),
(200, 'ECXSD2024083', '1000', '230629643', 1, 15, 16, 31, NULL, NULL),
(201, 'ECXSD2024084', '1000', '22060602', 1, 15, 16, 31, NULL, NULL),
(202, 'ECXSD2024085', '1000', '230629426', 1, 15, 16, 31, NULL, NULL),
(203, 'ECXSD2024086', '1000', '230629573', 1, 15, 16, 31, NULL, NULL),
(204, 'ECXSD2024087', '1000', '22072704', 1, 15, 16, 31, NULL, NULL),
(205, 'ECXSD2024088', '1000', '230629577', 1, 15, 16, 31, NULL, NULL),
(206, 'ECXSD2024089', '1000', '230629610', 1, 15, 16, 31, NULL, NULL),
(207, 'ECXSD2024090', '1000', '22110715', 1, 15, 16, 31, NULL, NULL),
(208, 'ECXSD2024091', '1000', '230629554', 1, 15, 16, 31, NULL, NULL),
(209, 'ECXSD2024092', '1000', '230629520', 1, 15, 16, 31, NULL, NULL),
(210, 'ECXSD2024093', '1000', '230629655', 1, 15, 16, 31, NULL, NULL),
(211, 'ECXSD2024094', '1000', '22052301', 1, 15, 16, 31, NULL, NULL),
(212, 'ECXSD2024095', '1000', '230629544', 1, 15, 16, 31, NULL, NULL),
(213, 'ECXSD2024096', '1000', '230629660', 1, 15, 16, 31, NULL, NULL),
(214, 'ECXSD2024097', '1000', '230629479', 1, 15, 16, 31, NULL, NULL),
(215, 'ECXSD2024098', '1000', '230629546', 1, 15, 16, 31, NULL, NULL),
(216, 'ECXSD2024099', '1000', '230629567', 1, 15, 16, 31, NULL, NULL),
(217, 'ECXSD2024100', '1000', '22053001', 1, 15, 16, 31, NULL, NULL),
(218, 'ECXSD2024101', '1000', '23030605', 1, 15, 16, 31, NULL, NULL),
(219, 'ECXSD2024102', '1000', '230629576', 1, 15, 16, 31, NULL, NULL),
(220, 'ECXSD2024103', '1000', '230629417', 1, 15, 16, 31, NULL, NULL),
(221, 'ECXSD2024104', '1000', '23030107', 1, 15, 16, 31, NULL, NULL),
(222, 'ECXSD2024105', '1000', '230629636', 1, 15, 16, 31, NULL, NULL),
(223, 'ECXSD2024106', '1000', '22111423', 1, 15, 16, 31, NULL, NULL),
(224, 'ECXSD2024107', '1000', '230629543', 1, 15, 16, 31, NULL, NULL),
(225, 'ECXSD2024108', '1000', '23021602', 1, 15, 16, 31, NULL, NULL),
(226, 'ECXSD2024109', '1000', '23010314', 1, 15, 16, 31, NULL, NULL),
(227, 'ECXSD2024110', '1000', '22111419', 1, 15, 16, 31, NULL, NULL),
(228, 'ECXSD2024111', '1000', '230629581', 1, 15, 16, 31, NULL, NULL),
(229, 'ECXSD2024112', '1000', '230629483', 1, 15, 16, 31, NULL, NULL),
(230, 'ECXSD2024113', '1000', '230629456', 1, 15, 16, 31, NULL, NULL),
(231, 'ECXSD2024114', '1000', '230629562', 1, 15, 16, 31, NULL, NULL),
(232, 'ECXSD2024115', '1000', '230629570', 1, 15, 16, 31, NULL, NULL),
(233, 'ECXSD2024116', '1000', '22112501', 1, 15, 16, 31, NULL, NULL),
(234, 'ECXSD2024117', '1000', '230629611', 1, 15, 16, 31, NULL, NULL),
(235, 'ECXSD2024118', '1000', '22112306', 1, 15, 16, 31, NULL, NULL),
(236, 'ECXSD2024119', '1000', '230629658', 1, 15, 16, 31, NULL, NULL),
(237, 'ECXSD2024120', '1000', '230629550', 1, 15, 16, 31, NULL, NULL),
(238, 'ECXSD2024121', '1000', '230629666', 1, 15, 16, 31, NULL, NULL),
(239, 'ECXSD2024122', '1000', '230629626', 1, 15, 16, 31, NULL, NULL),
(240, 'ECXSD2024123', '1000', '22032801', 1, 15, 16, 31, NULL, NULL),
(241, 'ECXSD2024124', '1000', '22122106', 1, 15, 16, 31, NULL, NULL),
(242, 'ECXSD2024125', '1000', '230629552', 1, 15, 16, 31, NULL, NULL),
(243, 'ECXSD2024126', '1000', '22032804', 1, 15, 16, 31, NULL, NULL),
(244, 'ECXSD2024127', '1000', '23011602', 1, 15, 16, 31, NULL, NULL),
(245, 'ECXSD2024128', '1000', '230629612', 1, 15, 16, 31, NULL, NULL),
(246, 'ECXSD2024129', '1000', '230629578', 1, 15, 16, 31, NULL, NULL),
(247, 'ECXSD2024130', '1000', '23030703', 1, 15, 16, 31, NULL, NULL),
(248, 'ECXSD2024131', '1000', '230629420', 1, 15, 16, 31, NULL, NULL),
(249, 'ECXSD2024132', '1000', '23011813', 1, 15, 16, 31, NULL, NULL),
(250, 'ECXSD2024133', '1000', '230629500', 1, 15, 16, 31, NULL, NULL),
(251, 'ECXSD2024134', '1000', '230629458', 1, 15, 16, 31, NULL, NULL),
(252, 'ECXSD2024135', '1000', '22032806', 1, 15, 16, 31, NULL, NULL),
(253, 'ECXSD2024136', '1000', '230629484', 1, 15, 16, 31, NULL, NULL),
(254, 'ECXSD2024137', '1000', '22111418', 1, 15, 16, 31, NULL, NULL),
(255, 'ECXSD2024138', '1000', '22111411', 1, 15, 16, 31, NULL, NULL),
(256, 'ECXSD2024139', '1000', '230629637', 1, 15, 16, 31, NULL, NULL),
(257, 'ECXSD2024140', '1000', '230629651', 1, 15, 16, 31, NULL, NULL),
(258, 'ECXSD2024141', '1000', '22070703', 1, 15, 16, 31, NULL, NULL),
(259, 'ECXSD2024142', '1000', '23021507', 1, 15, 16, 31, NULL, NULL),
(260, 'ECXSD2024143', '1000', '230629661', 1, 15, 16, 31, NULL, NULL),
(261, 'ECXSD2024144', '1000', '230629455', 1, 15, 16, 31, NULL, NULL),
(262, 'ECXSD2024145', '1000', '21111703', 1, 15, 16, 31, NULL, NULL),
(263, 'ECXSD2024146', '1000', '230629634', 1, 15, 16, 31, NULL, NULL),
(264, 'ECXSD2024147', '1000', '22110201', 1, 15, 16, 31, NULL, NULL),
(265, 'ECXSD2024148', '1000', '22090601', 1, 15, 16, 31, NULL, NULL),
(266, 'ECXSD2024149', '1000', '230629608', 1, 15, 16, 31, NULL, NULL),
(267, 'ECXSD2024150', '1000', '22030108', 1, 15, 16, 31, NULL, NULL),
(268, 'ECXSD2024151', '1000', '22012102', 1, 15, 16, 31, NULL, NULL),
(269, 'ECXSD2024152', '1000', '22032110', 1, 15, 16, 31, NULL, NULL),
(270, 'ECXSD2024153', '1000', '230629625', 1, 15, 16, 31, NULL, NULL),
(271, 'ECXSD2024154', '1000', '230629563', 1, 15, 16, 31, NULL, NULL),
(272, 'ECXSD2024155', '1000', '230629605', 1, 15, 16, 31, NULL, NULL),
(273, 'ECXSD2024156', '1000', '230629616', 1, 15, 16, 31, NULL, NULL),
(274, 'ECXSD2024157', '1000', '23011815', 1, 15, 16, 31, NULL, NULL),
(275, 'ECXSD2024158', '1000', '22062701', 1, 15, 16, 31, NULL, NULL),
(276, 'ECXSD2024159', '1000', '22112801', 1, 15, 16, 31, NULL, NULL),
(277, 'ECXSD2024161', '1000', '230629613', 1, 15, 16, 31, NULL, NULL),
(278, 'ECXSD2024162', '1000', '22090502', 1, 15, 16, 31, NULL, NULL),
(279, 'ECXSD2024163', '1000', '23011811', 1, 15, 16, 31, NULL, NULL),
(280, 'ECXSD2024164', '1000', '230629477', 1, 15, 16, 31, NULL, NULL),
(281, 'ECXSD2024165', '1000', '230629518', 1, 15, 16, 31, NULL, NULL),
(282, 'ECXSD2024167', '1000', '21120604', 1, 15, 16, 31, NULL, NULL),
(283, 'ECXSD2024168', '1000', '22053005', 1, 15, 16, 31, NULL, NULL),
(284, 'ECXSD2024169', '1000', '230629647', 1, 15, 16, 31, NULL, NULL),
(285, 'ECXSD2024170', '1000', '23010306', 1, 15, 16, 31, NULL, NULL),
(286, 'ECXSD2024171', '1000', '23021701', 1, 15, 16, 31, NULL, NULL),
(287, 'ECXSD2024172', '1000', '230629481', 1, 15, 16, 31, NULL, NULL),
(288, 'ECXSD2024173', '1000', '220660604', 1, 15, 16, 31, NULL, NULL),
(289, 'ECXSD2024174', '1000', '23021004', 1, 15, 16, 31, NULL, NULL),
(290, 'ECXSD2024175', '1000', '22110709', 1, 15, 16, 31, NULL, NULL),
(291, 'ECXSD2024176', '1000', '230629654', 1, 15, 16, 31, NULL, NULL),
(292, 'ECXSD2024177', '1000', '230629556', 1, 15, 16, 31, NULL, NULL),
(293, 'ECXSD2024178', '1000', '230629639', 1, 15, 16, 31, NULL, NULL),
(294, 'ECXSD2024179', '1000', '23021504', 1, 15, 16, 31, NULL, NULL),
(295, 'ECXSD2024180', '1000', '230629558', 1, 15, 16, 31, NULL, NULL),
(296, 'ECXSD2024181', '1000', '22060101', 1, 15, 16, 31, NULL, NULL),
(297, 'ECXSD2024182', '1000', '230629629', 1, 15, 16, 31, NULL, NULL),
(298, 'ECXSD2024183', '1000', '22062003', 1, 15, 16, 31, NULL, NULL),
(299, 'ECXSD2024184', '1000', '23021506', 1, 15, 16, 31, NULL, NULL),
(300, 'ECXSD2024185', '1000', '230629572', 1, 15, 16, 31, NULL, NULL),
(301, 'ECXSD2024186', '1000', '230629627', 1, 15, 16, 31, NULL, NULL),
(302, 'ECXSD2024187', '1000', '22112304', 1, 15, 16, 31, NULL, NULL),
(303, 'ECXSD2024188', '1000', '230629614', 1, 15, 16, 31, NULL, NULL),
(304, 'ECXSD2024189', '1000', '23011812', 1, 15, 16, 31, NULL, NULL),
(305, 'ECXSD2024190', '1000', '22111409', 1, 15, 16, 31, NULL, NULL),
(306, 'ECXSD2024191', '1000', '230626406', 1, 15, 16, 31, NULL, NULL),
(307, 'ECXSD2024192', '1000', '230629480', 1, 15, 16, 31, NULL, NULL),
(308, 'ECXSD2024193', '1000', '21111701', 1, 15, 16, 31, NULL, NULL),
(309, 'ECXSD2024194', '1000', '22110718', 1, 15, 16, 31, NULL, NULL),
(310, 'ECXSD2024195', '1000', '230629495', 1, 15, 16, 31, NULL, NULL),
(311, 'ECXSD2024196', '1000', '22110711', 1, 15, 16, 31, NULL, NULL),
(312, 'ECXSD2024197', '1000', '230629522', 1, 15, 16, 31, NULL, NULL),
(313, 'ECXSD2024198', '1000', '22042801', 1, 15, 16, 31, NULL, NULL),
(314, 'ECXSD2024199', '1000', '230629527', 1, 15, 16, 31, NULL, NULL),
(315, 'ECXSD2024200', '1000', '23021006', 1, 15, 16, 31, NULL, NULL),
(316, 'ECXSD2024201', '1000', '230629644', 1, 15, 16, 31, NULL, NULL),
(317, 'ECXSD2024202', '1000', '230629571', 1, 15, 16, 31, NULL, NULL),
(318, 'ECXSD2024203', '1000', '230629519', 1, 15, 16, 31, NULL, NULL),
(319, 'ECXSD2024204', '1000', '230629650', 1, 15, 16, 31, NULL, NULL),
(320, 'ECXSD2024205', '1000', '23021502', 1, 15, 16, 31, NULL, NULL),
(321, 'ECXSD2024206', '1000', '230629624', 1, 15, 16, 31, NULL, NULL),
(322, 'ECXSD2024207', '1000', '230629402', 1, 15, 16, 31, NULL, NULL),
(323, 'ECXSD2024208', '1000', '230629631', 1, 15, 16, 31, NULL, NULL),
(324, 'ECXSD2024209', '1000', '230629538', 1, 15, 16, 31, NULL, NULL),
(325, 'ECXSD2024210', '1000', '230629454', 1, 15, 16, 31, NULL, NULL),
(326, 'ECXSD2024211', '1000', '22090602', 1, 15, 16, 31, NULL, NULL),
(327, 'ECXSD2024212', '1000', '22110712', 1, 15, 16, 31, NULL, NULL),
(328, 'ECXSD2024213', '1000', '22111417', 1, 15, 16, 31, NULL, NULL),
(329, 'ECXSD2024214', '1000', '230629557', 1, 15, 16, 31, NULL, NULL),
(330, 'ECXSD2024215', '1000', '230629575', 1, 15, 16, 31, NULL, NULL),
(331, 'ECXSD2024216', '1000', '230629523', 1, 15, 16, 31, NULL, NULL),
(332, 'ECXSD2024217', '1000', '22070403', 1, 15, 16, 31, NULL, NULL),
(333, 'ECXSD2024218', '1000', '23011804', 1, 15, 16, 31, NULL, NULL),
(334, 'ECXSD2024219', '1000', '22012103', 1, 15, 16, 31, NULL, NULL),
(335, 'ECXSD2024220', '1000', '22110902', 1, 15, 16, 31, NULL, NULL),
(336, 'ECXSD2024221', '1000', '22080101', 1, 15, 16, 31, NULL, NULL),
(337, 'ECXSD2024222', '1000', '230629574', 1, 15, 16, 31, NULL, NULL),
(338, 'ECXSD2024223', '1000', '22053007', 1, 15, 16, 31, NULL, NULL),
(339, 'ECXSD2024224', '1000', '230629482', 1, 15, 16, 31, NULL, NULL),
(340, 'ECXSD2024225', '1000', '21111702', 1, 15, 16, 31, NULL, NULL),
(341, 'ECXSD2024226', '1000', '22042202', 1, 15, 16, 31, NULL, NULL),
(342, 'ECXSD2024227', '1000', '230629642', 1, 15, 16, 31, NULL, NULL),
(343, 'ECXSD2024228', '1000', '230629525', 1, 15, 16, 31, NULL, NULL),
(344, 'ECXSD2024229', '1000', '22111415', 1, 15, 16, 31, NULL, NULL),
(345, 'ECXSD2024230', '1000', '230629529', 1, 15, 16, 31, NULL, NULL),
(346, 'ECXSD2024231', '1000', '22053004', 1, 15, 16, 31, NULL, NULL),
(347, 'ECXSD2024232', '1000', '230629559', 1, 15, 16, 31, NULL, NULL),
(348, 'ECXSD2024233', '1000', '230629646', 1, 15, 16, 31, NULL, NULL),
(349, 'ECXSD2024234', '1000', '23010309', 1, 15, 16, 31, NULL, NULL),
(350, 'ECXSD2024235', '1000', '21121302', 1, 15, 16, 31, NULL, NULL),
(351, 'ECXSD2024236', '1000', '22072702', 1, 15, 16, 31, NULL, NULL),
(352, 'ECXSD2024237', '1000', '23011808', 1, 15, 16, 31, NULL, NULL),
(353, 'ECXSD2024238', '1000', '230629419', 1, 15, 16, 31, NULL, NULL),
(354, 'ECXSD2024240', '1000', '230629421', 1, 15, 16, 31, NULL, NULL),
(355, 'ECXSD2024241', '1000', '230629422', 1, 15, 16, 31, NULL, NULL),
(356, 'ECXSD2024242', '1000', '230629423', 1, 15, 16, 31, NULL, NULL),
(357, 'ECXSD2024243', '1000', '230629424', 1, 15, 16, 31, NULL, NULL);

--
-- Indexes for dumped tables
--

--
-- Indexes for table `admins`
--
ALTER TABLE `admins`
  ADD PRIMARY KEY (`id`),
  ADD UNIQUE KEY `uniq_email` (`email`),
  ADD KEY `admin_role` (`role_id`);

--
-- Indexes for table `balance_deducted`
--
ALTER TABLE `balance_deducted`
  ADD PRIMARY KEY (`id`);

--
-- Indexes for table `claims`
--
ALTER TABLE `claims`
  ADD PRIMARY KEY (`id`),
  ADD KEY `owner_id` (`owner_id`),
  ADD KEY `coupon_id` (`coupon_id`);

--
-- Indexes for table `coupons`
--
ALTER TABLE `coupons`
  ADD PRIMARY KEY (`id`),
  ADD UNIQUE KEY `uniq_code_id` (`coupon_code`),
  ADD UNIQUE KEY `uniq_owner_id` (`owner_id`) USING BTREE;

--
-- Indexes for table `department`
--
ALTER TABLE `department`
  ADD PRIMARY KEY (`id`);

--
-- Indexes for table `owners`
--
ALTER TABLE `owners`
  ADD PRIMARY KEY (`id`) USING BTREE,
  ADD UNIQUE KEY `uniq_staff_Id` (`staff_id`),
  ADD KEY `owner_dep` (`owner_department`);

--
-- Indexes for table `role`
--
ALTER TABLE `role`
  ADD PRIMARY KEY (`id`);

--
-- Indexes for table `salary_deduction`
--
ALTER TABLE `salary_deduction`
  ADD PRIMARY KEY (`id`) USING BTREE,
  ADD UNIQUE KEY `uniq_sd_code` (`sd_code`) USING BTREE,
  ADD UNIQUE KEY `uniq_owner_id` (`owner_id`) USING BTREE;

--
-- AUTO_INCREMENT for dumped tables
--

--
-- AUTO_INCREMENT for table `admins`
--
ALTER TABLE `admins`
  MODIFY `id` int(11) NOT NULL AUTO_INCREMENT, AUTO_INCREMENT=8;

--
-- AUTO_INCREMENT for table `balance_deducted`
--
ALTER TABLE `balance_deducted`
  MODIFY `id` int(11) NOT NULL AUTO_INCREMENT, AUTO_INCREMENT=508;

--
-- AUTO_INCREMENT for table `claims`
--
ALTER TABLE `claims`
  MODIFY `id` int(11) NOT NULL AUTO_INCREMENT, AUTO_INCREMENT=626;

--
-- AUTO_INCREMENT for table `coupons`
--
ALTER TABLE `coupons`
  MODIFY `id` int(11) NOT NULL AUTO_INCREMENT, AUTO_INCREMENT=357;

--
-- AUTO_INCREMENT for table `department`
--
ALTER TABLE `department`
  MODIFY `id` int(11) NOT NULL AUTO_INCREMENT, AUTO_INCREMENT=34;

--
-- AUTO_INCREMENT for table `owners`
--
ALTER TABLE `owners`
  MODIFY `id` int(11) NOT NULL AUTO_INCREMENT, AUTO_INCREMENT=358;

--
-- AUTO_INCREMENT for table `role`
--
ALTER TABLE `role`
  MODIFY `id` int(11) NOT NULL AUTO_INCREMENT, AUTO_INCREMENT=4;

--
-- AUTO_INCREMENT for table `salary_deduction`
--
ALTER TABLE `salary_deduction`
  MODIFY `id` int(11) NOT NULL AUTO_INCREMENT, AUTO_INCREMENT=358;

--
-- Constraints for dumped tables
--

--
-- Constraints for table `admins`
--
ALTER TABLE `admins`
  ADD CONSTRAINT `admin_role` FOREIGN KEY (`role_id`) REFERENCES `role` (`id`);

--
-- Constraints for table `claims`
--
ALTER TABLE `claims`
  ADD CONSTRAINT `fr_coupon_id` FOREIGN KEY (`coupon_id`) REFERENCES `coupons` (`coupon_code`) ON DELETE NO ACTION ON UPDATE NO ACTION,
  ADD CONSTRAINT `fr_owner_id` FOREIGN KEY (`owner_id`) REFERENCES `owners` (`staff_id`) ON DELETE NO ACTION ON UPDATE NO ACTION;

--
-- Constraints for table `owners`
--
ALTER TABLE `owners`
  ADD CONSTRAINT `owner_dep` FOREIGN KEY (`owner_department`) REFERENCES `department` (`id`);
COMMIT;

/*!40101 SET CHARACTER_SET_CLIENT=@OLD_CHARACTER_SET_CLIENT */;
/*!40101 SET CHARACTER_SET_RESULTS=@OLD_CHARACTER_SET_RESULTS */;
/*!40101 SET COLLATION_CONNECTION=@OLD_COLLATION_CONNECTION */;
